study_id,doi,authors,year,title,journal,study_design,setting,sales_context,channel,country,language,n_total,n_per_arm,population,participant_role,technique_taxonomy_id,operationalization_verbatim,comparator_type,outcome_type,outcome_measurement,effect_size_value,effect_size_metric,effect_size_ci_lower,effect_size_ci_upper,effect_size_p,pre_registered,pre_registration_url,funding,rob_overall,rob_notes,extraction_date,extractor,extraction_source_url
atlas-001,10.3389/fpsyg.2021.568212,"Ortega-Otero & Hernandez-Posada (and colleagues)",2021,Framing Messages to Deal With the COVID-19 Crisis: The Role of Loss/Gain Frames and Content,Frontiers in Psychology,within-subjects-experiment,online-experiment-qualtrics,charitable-public-health,web,Colombia,es,319,"frame=160; content=159","Convenience sample 18-60yr Colombian Spanish speakers from university mailing lists + Facebook",mixed,gain-framing;loss-framing,"2 Frame (gain/loss) × 2 Content (health/economy) within-subjects design with 8 message pairs presented sequentially. Gain-framed messages emphasized positive outcomes of behaviors (hand washing physical distancing staying home); loss-framed messages emphasized negative consequences of not adopting behaviors. Health content versus economic content.",active-alternative-technique,perceived-message-strength,visual-analog-scale,-19.00,unstandardized-beta-VAS-units,-23.0,-15.0,p<0.001,yes-osf,https://osf.io/mxa3q/,"Not reported",low,"Adequate randomization to condition; blinding not reported; attrition not reported; low selective-reporting risk due to OSF pre-registration with public materials. Singular-fit models analyzed as GLMs omitting random effects. Manipulation checks showed >91% recognition.",2026-05-10,llm-claude-opus-4-7-via-frontiersin-html,https://www.frontiersin.org/articles/10.3389/fpsyg.2021.568212/full
atlas-002,10.3389/fpsyg.2022.794135,"Liu et al.",2022,An Experimental Study on Anchoring Effect of Consumers' Price Judgment Based on Consumers' Experiencing Scenes,Frontiers in Psychology,lab-experiment-with-scenario-simulation,physical-experience-store-Chengdu,b2c-retail,in-person,China,en,240,"high-anchor=80; low-anchor=80; internal-anchor=80","Ordinary consumers age 18+ from authorized Huawei experience store in Chengdu",consumer,extreme-anchor,"High anchor: 'whether the price of VR glasses is higher than 6000 yuan or lower' (2x actual price). Low anchor: 'whether the price of VR glasses is higher than 1500 yuan or lower' (0.5x actual). Internal anchor: no external reference.",inactive-control,price-judgment-estimate,anchoring-index-AI-and-mean-skew-index,"Q1=0.784; Q2=0.818; Q3=0.477",anchoring-index,not-reported,not-reported,not-reported,no,,Not reported,moderate,"Randomization not clearly described; no blinding mentioned; attrition noted (194 of 270 participated; ~28% attrition); small sample acknowledged",2026-05-10,llm-claude-opus-4-7-via-frontiersin-html,https://www.frontiersin.org/articles/10.3389/fpsyg.2022.794135/full
atlas-003,10.3389/fpsyg.2023.1166092,"author(s) listed in article",2023,The effect of partitioned framing vs. all-inclusive framing of donation amount on prosocial behavior,Frontiers in Psychology,between-subjects-experiment,online-MTurk,charitable-donation,web,US,en,247,"partitioned=124; all-inclusive=123","Amazon Mechanical Turk workers; 40.5% female; age distributed 20-60",mturk-worker,concrete-construal,"Partitioned: 'California wildfire $4 / Hurricane $5 / Earthquake $3 / Total $12'. All-inclusive: 'Donation amount $12 / Donation details: CA wildfire, Hurricane, Earthquake'",active-alternative-framing,donation-intention,7-point-likert-single-item,"M_partitioned=5.09 (SD=1.54) vs M_all-inclusive=4.53 (SD=1.86); F(1,243)=5.96",unstandardized-mean-diff,not-reported,not-reported,p=0.015,no,,Not reported,low-to-moderate,"Random assignment stated but method not detailed; blinding not reported; attrition not reported; selective reporting not apparent",2026-05-10,llm-claude-opus-4-7-via-frontiersin-html,https://www.frontiersin.org/articles/10.3389/fpsyg.2023.1166092/full
atlas-004,10.3389/fcomm.2018.00030,"Rutsaert et al.",2018,The Effect of Online Social Proof Regarding Organic Food: Comments and Likes on Facebook,Frontiers in Communication,two-condition-between-subjects-experiment,lab-psychology-students,b2c-food-consumer,web-simulated-facebook,Netherlands,en,88,"positive=n.s.; negative=n.s.","Dutch psychology students 25M/63F mean age 21 participating for course credit",student,social-proof,"Positive condition: 'many likes (>300) were given to positive statements regarding organic foods and few likes (<20) to negative ones'. Reversed in negative condition.",active-alternative-direction,willingness-to-pay-and-anxiety,WTP-difference-eurocents-and-anxiety-scale,"WTP: F(1,80)=5.48 eta-sq=0.06; Anxiety: F(1,86)=7.68 eta-sq=0.08",eta-squared,not-reported,not-reported,WTP p=0.02; anxiety p=0.01,no,,Netherlands Food and Consumer Product Safety Authority,moderate,"Random assignment stated; method not detailed; substantial attrition (145 enrolled -> 88 analyzed = 39% attrition via manipulation-check exclusion; high RoB on attrition); blinding not reported",2026-05-10,llm-claude-opus-4-7-via-frontiersin-html,https://www.frontiersin.org/articles/10.3389/fcomm.2018.00030/full
atlas-005,10.3389/fpsyg.2020.02022,"Chinese consumer study authors",2020,Influence of the Framing Effect Anchoring Effect and Knowledge on Consumers Attitude and Purchase Intention of Organic Food,Frontiers in Psychology,2x2-between-subjects-factorial,survey-Wuxi-Jiangsu,b2c-organic-food-consumer,in-person-survey,China,en,368,"low-anchor-pos-frame=92; low-anchor-neg-frame=92; high-anchor-pos-frame=93; high-anchor-neg-frame=91","Chinese consumers from 5 districts of Wuxi mean age 26-55 (57.6%); 74.5% college-educated; 37.2% male",consumer,gain-framing;loss-framing;extreme-anchor,"Positive framing: 'Organic food uses natural and ecological production methods...benefiting everyone. When you decide to purchase organic lettuce you are making a healthy decision'. Negative framing: 'When you decide against purchasing organic lettuce you are making an unhealthy decision'. Low anchor 3 RMB; High anchor 15 RMB (15th and 85th quantiles from pre-survey).",active-2x2-factorial,attitude-and-purchase-intention,7-pt-Likert-3-items-each-alpha-0.86-and-0.94,"Negative-vs-positive frame attitude: M=4.461 vs M=3.580 F=61.430; Low-vs-high anchor: M=4.591 vs M=3.446 F=56.728",F-statistics-no-CI,not-reported,not-reported,both-p<0.001,no,,National Natural Science Foundation of China (71603104, 71803067) + Ministry of Education (20YJA790076),low-to-moderate,"Random assignment stated; method not specified; 8% attrition (32 of 400 excluded); selective reporting status unknown; high power N=368",2026-05-10,llm-claude-opus-4-7-via-frontiersin-html,https://www.frontiersin.org/articles/10.3389/fpsyg.2020.02022/full
atlas-006,10.5334/irsp.15,"author(s) listed in IRSP 2017",2017,"When How and Why is Loss-Framing More Effective than Gain- and Non-Gain-Framing in the Promotion of Detection Behaviors",International Review of Social Psychology,2x3-between-subjects-factorial,lab-psychology-students,charitable-public-health,in-person-lab,unspecified-Western,en,229,"~38 per cell across 6 cells","229 psychology first-year undergraduates 48M/181F mean age 21.36 (SD=3.07)",student,gain-framing;loss-framing,"Gain: 'By taking the diagnostic blood test you can find out your current cholesterol level'. Non-gain: 'By not taking the diagnostic blood test you will not find out your current cholesterol level'. Loss: 'By not taking the diagnostic blood test you will ignore your current cholesterol level'.",active-three-conditions,behavioral-intention,4-item-scale-alpha-0.85-7pt-likert,"Loss-vs-gain/non-gain contrast: beta=0.25 t(222)=4.71; Interaction with Personal Relevance: beta=0.26 t(222)=4.79; Indirect effect through response-efficacy: ab=0.16 95% CI [0.09, 0.25]",standardized-beta-and-indirect-ab,0.09,0.25,both-direct-effects-p=0.001,no,,Not reported,moderate,"Random allocation stated; method not specified; attrition not reported; no pre-registration; relatively small per-cell N",2026-05-10,llm-claude-opus-4-7-via-rips-irsp-html,https://www.rips-irsp.com/articles/10.5334/irsp.15/
atlas-007,10.3389/fpsyg.2022.859959,"author(s) 2022 Tianjin",2022,A Matching Study on the Influence of Advertised Information Expression and Product Type on Consumer Purchase Intention,Frontiers in Psychology,2x2-between-subjects-factorial,online-shopping-scenario,b2c-mobile-phone-and-mask,web,China,en,400,"~100 per cell across search-direct/search-metaphorical/experience-direct/experience-metaphorical","Chinese undergrad/grad students 53.8% male; corrected vision >1.5",student,extreme-anchor,"Mobile phone = search product; facial mask = experience product. Direct expression: 'simple natural easy to understand'. Metaphorical: 'implicit interesting stimulates consumer imagination'.",active-four-way,purchase-intention,7-pt-Likert-Gurhan-Canli-Maheswaran-2000,"Interaction F(1,396)=51.72; experience-metaphor M=4.93 vs experience-direct M=3.99 F=23.01; search-direct M=4.92 vs search-metaphor M=3.76 F=28.74",F-statistics-no-CI,not-reported,not-reported,all-p<0.001,no,,"Philosophy and Social Science Research Project of Tianjin (TJGL21-002)",moderate,"Randomization not detailed; blinding not reported; no attrition info; selective reporting not assessed",2026-05-10,llm-claude-opus-4-7-via-frontiersin-html,https://www.frontiersin.org/articles/10.3389/fpsyg.2022.859959/full
atlas-008,10.3389/fpsyg.2019.00230,"Australian climate-change authors 2019",2019,Climate Change From a Distance: An Analysis of Construal Level and Psychological Distance From Climate Change,Frontiers in Psychology,cross-sectional-survey-NOT-EXPERIMENTAL,qualtrics-online,policy-preference,web,Australia,en,216,"single-group correlational","Australian adults via Qualtrics mean age 43.48 (range 18-79); 105 female; median income $35-50k",mixed,concrete-construal,"No intervention - participants completed PD1 PD2 BIF-E BIF-G RCW + environmental behavior measures",no-comparator-correlational,policy-choice-and-pro-environmental-behavior,5-pt-Likert-WTS-time/money/effort/relationships + 5-option-emission-policy,"Model R²=0.325 (individual behavior); R²=0.19 (policy choice)",R-squared-no-CI,not-reported,not-reported,not-reported,no,,Not reported,high-cross-sectional-no-causal-inference,"STAGE-2 EXCLUDE: correlational design fails §2.5 (random assignment or quasi-experimental with identification strategy required); self-report; no intervention; serves only as descriptive coverage",2026-05-10,llm-claude-opus-4-7-via-frontiersin-html,https://www.frontiersin.org/articles/10.3389/fpsyg.2019.00230/full
atlas-009,10.3389/fpsyg.2019.00431,"Canadian adult-sport authors 2019",2019,Gain-Framed Messaging for Promoting Adult Sport: Examining the Effects of Efficacy-Enhancing Information,Frontiers in Psychology,three-arm-RCT,parallel-arms-T1-T2-T3,charitable-public-health-sport-promotion,web,Canada,en,232,"GFM-alone=79; GFM+SE=84; control=69","Adult Canadians 30-69 yr mean 47.0 (SD=8.6); 62.5% female; did not perceive sport as risky (≤5 on 7-pt scale)",mixed,gain-framing,"4-min narrated PowerPoint with 9 consecutive GFM each highlighting a benefit of adult sport (optimal health delayed aging social affiliation fun stress-relief physical-capability thrills competitive-goals travel)",active-three-arm,outcome-expectancy-and-sport-behavior,9-item-Likert-OE-and-MVPA-GLTEQ-followup,"OE-Travel largest: F(1,219)=12.3 etap²=0.05; no significant behavioral effects",eta-partial-squared,not-reported,not-reported,p<0.001-for-OE-Travel,no,,Social Sciences and Humanities Research Council of Canada,high-due-to-differential-attrition,"High overall attrition (51.1%); selective dropout favored less-active; high experimental-group dropout (40.4% vs control 19.3%); seasonal collection confound (Nov-Jan); high attrition RoB",2026-05-10,llm-claude-opus-4-7-via-frontiersin-html,https://www.frontiersin.org/articles/10.3389/fpsyg.2019.00431/full
atlas-010,10.3390/jtaer20020130,"Yu Jiahong; Sun Xixiang; Huang Ying; Jia Yige",2025,"Concrete or Abstract? The Impact of Green Advertising Appeals and Information Framing on Consumer Responses","Journal of Theoretical and Applied Electronic Commerce Research",between-subjects-experiment,online-experiment-credamo-panel,green-product-advertising,web,China,zh,239,"approx 60 per cell across 4 cells (concrete-competence; concrete-warmth; abstract-competence; abstract-warmth)","Chinese adult consumers recruited via Credamo online panel; 46.4% female; nationally distributed quota sample",customer,concrete-construal,"2 (message framing: concrete vs. abstract) x 2 (advertising appeal: warmth vs. competence) between-subjects design. Concrete framing employed action-oriented verbs and quantifiable metrics to emphasize immediate tangible outcomes (e.g., 'Join your community to adopt energy-saving products, improving long-term health for families'). Abstract framing utilized adjective-driven narratives centered on values and broader ethical implications (e.g., 'Choose eco-friendly products to ensure a prosperous, harmonious planet for future generations'). Stimulus: new energy vehicle / air conditioner green ad. Participants randomly assigned via block randomization.",active-alternative-technique,purchase-intention,seven-point-likert-scale,1927.860,F-1-235,not-reported,not-reported,p<0.001,no,not-applicable,"This research received no external funding",moderate,"Adequate randomization via block randomization; attention checks and reverse-coded items used to screen 14 invalid responses out of 253 (5.5% exclusion); blinding not reported; no pre-registration; effect sizes implausibly large (F=1927) raising concerns about manipulation strength and possible demand characteristics; convenience online panel (Credamo) introduces self-selection bias acknowledged by authors. Ethics approval from Wuhan University of Technology.",2026-05-10,llm-claude-opus-4-7-via-mdpi-html,https://www.mdpi.com/0718-1876/20/2/130
atlas-011,10.3390/info14090504,"Remountakis Manolis; Kotis Konstantinos; Kourtzis Babis; Tsekouras George E.",2023,"Using ChatGPT and Persuasive Technology for Personalized Recommendation Messages in Hotel Upselling",Information,field-quasi-experiment,live-hotel-wifi-ad-platform-eXclusivi,hotel-upselling-room-and-amenity-offers,web-wifi-ad,Greece,multilingual-incl-German-English-Greek,not-reported,"175 hotels (Upsell customers) over 2 months for the main CTR/reservation experiment; an earlier pilot ranking experiment ran over 75 hotels for 20 days; guest-level n not reported",Hotel guests staying at Upsell-customer hotels exposed to Wi-Fi ad messages,customer,"scarcity;social-proof;authority;liking;reciprocity;commitment-consistency","Pilot field experiment combining ChatGPT-generated ad copy with Cialdini's six persuasion principles (Authority, Commitment, Social Proof/Consensus, Liking, Reciprocity, Scarcity) and Persado's five emotion categories. ChatGPT prompts engineered to generate ad messages of the form: 'Create 3 ad copies about a special offer of -20% (Task) for Couples Massage (Topic), with excitement (Emotion), and funny (Tone), Use an emoticon, in 15 words (Length), in German (Language)'. Emotion categories combined with their top-ranked Cialdini principle (e.g., Joy emotion category paired with Liking). Task: advertise EUR 50 discount on couples massage via Wi-Fi ad served by eXclusivi platform.",no-treatment-or-placebo,click-through-rate-and-reservation-conversion,impressions-clicks-reservations-tracked-via-eXclusivi-platform,40,percent-increase-in-conversion-rate-vs-manual-control-message,not-reported,not-reported,not-reported,no,not-applicable,"PROMOTE (Persuasive Technologies and Artificial Intelligence for Tourism) project (MIS 5093219) of the Operational Program Competitiveness Entrepreneurship and Innovation; co-funded by European Regional Development Fund (ERDF) and Greek Government (Partnership and Cooperation Agreement 2014-2020)",high,"No randomization of guests to conditions described; comparison is between ChatGPT-generated persuasive ads and a single manually written control message rather than randomized arms; no statistical inference (no p-values, no CIs) reported, only descriptive % deltas in CTR and reservation rate by emotion; guest-level sample size not reported; conflict-of-interest risk as authors are affiliated with Upsell S.A. whose commercial platform is the intervention; selective reporting risk high (15 emotions reported but no correction for multiple comparisons); no pre-registration.",2026-05-10,llm-claude-opus-4-7-via-mdpi-html,https://www.mdpi.com/2078-2489/14/9/504
atlas-012,10.3390/ijerph18189485,"Ye WeiMing; Li Qian; Yu Shubin",2021,"Persuasive Effects of Message Framing and Narrative Format on Promoting COVID-19 Vaccination: A Study on Chinese College Students","International Journal of Environmental Research and Public Health",between-subjects-experiment,online-experiment-wenjuanxing-panel,public-health-vaccination-promotion,web,China,zh,298,"approx 74-75 per cell across 4 cells (gain-narrative; gain-non-narrative; loss-narrative; loss-non-narrative); a priori target was at least 50 per cell","Chinese college students (M age = 21.44; 46.3% female; 63.7% undergraduate, 36.3% graduate) recruited from Wenjuanxing online panel; participants from 29 of China's provinces; students who had never received a COVID-19 vaccine",customer,"gain-framing;loss-framing","2 (message framing: gain framing vs. loss framing) x 2 (message presentation: narrative vs. non-narrative) between-subjects web experiment. Health messages were presented as newsletters providing basic information about COVID-19 and the COVID-19 vaccines. Gain-framed messages conveyed the benefits of getting vaccinated; loss-framed messages focused on the potential detriments of not getting vaccinated. Narrative messages presented a personal story from the first-person perspective; in non-narrative messages no specific characters were involved. Example loss-narrative ending: 'don''t take any chances, and get vaccinated in time!'. Participants randomly assigned to one of the four experimental conditions.",active-alternative-technique,vaccination-behavioral-intention,five-point-likert-single-item,9.855,F-1-296,not-reported,not-reported,p=0.002,no,not-applicable,"The National Social Science Fund of China (Research on Algorithm-mediated Online Platform Labor, grant number 19BXW098)",moderate,"Random assignment to one of four conditions; a priori sample-size justification (>=50 per cell, Simmons/Nelson/Simonsohn 2011); ethics approval Peking University HSBC Business School (PHBS0401); informed consent obtained; blinding not reported; attrition/exclusions not reported; manipulation checks conducted; not pre-registered; data available only on request from corresponding author (limited transparency). Loss-framed M=3.895 vs gain-framed M=3.563 on 5-point intention scale.",2026-05-10,llm-claude-opus-4-7-via-europepmc-jats,https://europepmc.org/article/PMC/8465011
atlas-013,10.3390/su11030865,"Yoon Ahyoung; Jeong Daeyoung; Chon Jinhyung; Yoon Ji-Hwan",2019,"A Study of Consumers' Intentions to Participate in Responsible Tourism Using Message Framing and Appeals",Sustainability,between-subjects-experiment,offline-paper-questionnaire-survey,responsible-tourism-public-advertising,offline-print-advertisement,South Korea,ko,440,"approx 110 per cell across 4 cells (gain-rational; gain-emotional; loss-rational; loss-emotional); plus separate pretest n=140","Korean college students recruited via convenience sampling at Kyung Hee University and Korea University after a 140-student pretest of manipulation materials",customer,"gain-framing;loss-framing","2 (message frame: gain vs. loss) x 2 (advertising appeal: rational vs. emotional) between-subjects factorial design using campaign advertisements as stimulus. Gain-framed loss-framed conditions paired with rational vs. emotional appeals. Example loss-framed copy: 'Your selfishness will bring disaster for travel'. Rational appeals included detailed destination statistics: '(1) The average amount of garbage per day is 3.5 kg; (2) the average water consumption per hotel room is 1.5 tons; (3) more than 70 percent of the travel expenses of tourists go to franchise hotels, restaurants, and large travel agencies, not to the local communities'. Participants randomly assigned to one of four advertisements; involvement in responsible tourism measured as moderator.",active-alternative-technique,intention-to-participate-in-responsible-tourism,multi-item-likert-attitude-and-behavioral-intention-scales,4.16,t-statistic-independent-samples,not-reported,not-reported,p<0.001,no,not-applicable,"National Research Foundation of Korea (NRF) grant No. 2017R1A2B4008866 funded by the Korea government (MEST)",moderate,"Random assignment to one of four advertisements; pretest with 140 students confirmed manipulation success (gain: t=9.85, p<0.01; loss: t=-17.62, p<0.01); convenience sampling of college students limits generalizability; blinding not reported; attrition not reported; not pre-registered; gain-framed (AA=4.62, IP=4.96) outperformed loss-framed (AA=4.11, IP=4.53) in low-involvement group; interaction with involvement F(1,195)=42.83 to F(1,195)=59.31, p<0.001. Effect size selected: t=4.16 (intention-to-participate gain vs loss).",2026-05-10,llm-claude-opus-4-7-via-mdpi-html,https://www.mdpi.com/2071-1050/11/3/865
atlas-014,10.1037/0893-164X.21.4.534,Toll et al.,2007,"Comparing gain- and loss-framed messages for smoking cessation with sustained-release bupropion: A randomized controlled trial",Psychology of Addictive Behaviors,randomized-controlled-trial,community-mental-health-center-Yale-University-School-of-Medicine,health-behavior-change-smoking-cessation,in-person-with-video-and-print-materials,United States,en,258,gain-framed=124; loss-framed=125,"Cigarette smokers aged 18-70 smoking >=10 cigarettes daily with expired CO >10 ppm who had made >=1 prior quit attempt",patient-smoker-seeking-cessation,gain-framing;loss-framing,"Gain-framed: 'If you hold on to your reasons for quitting, you will have a better chance of success'; 'When you quit smoking: You take control of your health. You save your money. You look healthy. You feel healthy.' Loss-framed: 'If you do not hold on to your reasons for quitting, you will have a greater chance of failure'; 'If you continue smoking: You are not taking control of your health. You waste your money. You look unhealthy. You feel unhealthy.' Delivered via two videos and printed materials plus water bottles and air fresheners; all participants received open-label sustained-release bupropion 300 mg/day for 7 weeks.",active-control-loss-framed-vs-gain-framed,smoking-abstinence-biochemically-verified,"continuous 6-week abstinence from quit date and 7-day point prevalence abstinence; self-report verified by exhaled CO <=10 ppm",2.01,adjusted-odds-ratio,0.88,4.56,p=0.10,no,,"NIH grants P50-DA13334, P50-AA15632, K12-DA00167, K05-AA014715, K02-DA16611, R01-CA68427; VA Special Mental Illness Research Education and Clinical Center Fellowship",moderate,"Randomization in blocks of 6 stratified by gender; allocation sequence created before enrollment by unblinded investigator with sequential assignment by blinded investigator; research assistants blinded to condition; nurse practitioners blinded until end of baseline; attrition ~32% (66.1% completion gain-framed vs 70.4% loss-framed, p=.47); ITT primary analysis non-significant though completers analysis significant",2026-05-10,llm-claude-opus-4-7-via-pmc-html,https://www.ncbi.nlm.nih.gov/pmc/articles/2527727/
atlas-015,10.1037/0278-6133.23.3.330,"Mann, Sherman, & Updegraff",2004,"Dispositional Motivations and Message Framing: A Test of the Congruency Hypothesis in College Students",Health Psychology,randomized-experiment-between-subjects,university-laboratory-UCLA,health-behavior-change-dental-flossing,in-person-printed-message,United States,en,63,not-reported,"Undergraduate students at UCLA enrolled in a research methods course (70 enrolled, 7 excluded for missing follow-up data)",college-student-participant,gain-framing;loss-framing;regulatory-fit,"Participants completed BIS/BAS scale measuring approach/avoidance orientation, then received either a gain-framed message ('Great Breath, Healthy Gums Only a Floss Away') emphasizing benefits of flossing or a loss-framed message ('Floss Now and Avoid Bad Breath and Gum Disease') emphasizing dangers of not flossing. Example: gain-framed stated flossing removes particles avoiding bacteria; loss-framed stated if you don't floss particles collect bacteria causing bad breath.",active-control-gain-vs-loss-frame-crossed-with-dispositional-motivation,self-reported-flossing-behavior,"number of seven provided flosses used over one week (self-report)","F(1,55)=4.10",F-statistic-frame-by-orientation-interaction,not-reported,not-reported,p<0.04,no,,University of California Council on Research Grant,moderate,"Random assignment to message frame stated; no blinding reported; 10% attrition (7/70); no allocation concealment described; small sample; primary finding is an interaction effect on a single-week self-report behavioral measure",2026-05-10,llm-claude-opus-4-7-via-pmc-html,https://www.ncbi.nlm.nih.gov/pmc/articles/2575807/
atlas-016,10.1037/a0032310,unable-to-access,unable-to-access,"Sticky prospects: Loss frames are cognitively stickier than gain frames",unable-to-access,unable-to-access,unable-to-access,unable-to-access,unable-to-access,unable-to-access,unable-to-access,unable-to-access,unable-to-access,unable-to-access,unable-to-access,unable-to-access,unable-to-access,unable-to-access,unable-to-access,unable-to-access,unable-to-access,unable-to-access,unable-to-access,unable-to-access,unable-to-access,unable-to-access,unable-to-access,unable-to-access,unable-to-access,unable-to-access,2026-05-10,llm-claude-opus-4-7-via-escholarship-html,https://escholarship.org/uc/item/1nv0w8n0
atlas-017,10.1037/a0029305,Covey J,2014,The role of dispositional factors in moderating message framing effects,Health Psychology,systematic-review,narrative-synthesis-of-published-studies,health-behavior-change,mixed,not-reported,en,47,not-applicable-review-of-47-reports,Synthesis of 47 reports from 1990-2012 testing 23 different moderators of gain vs loss framing,mixed,gain-framing;loss-framing,"Systematic review examining how individual differences (ambivalence, approach-avoidance motivation, regulatory focus, need for cognition, self-efficacy beliefs) moderate the persuasiveness of gain-framed versus loss-framed health messages",active-alternative-technique,persuasion-message-effectiveness,narrative-synthesis,not-applicable-review,narrative-synthesis,not-applicable-review,not-applicable-review,not-applicable-review,no,not-applicable,not-reported,unclear,Systematic review without quantitative meta-analysis; abstract-only extraction via APA repository; risk of selective reporting in narrative synthesis unclear,2026-05-10,llm-claude-opus-4-7-via-durham-repo,https://durham-repository.worktribe.com/output/1477215
atlas-018,10.1037/cbs0000245,Weijers R; de Koning BB,2021,Nudging to increase hand hygiene during the COVID-19 pandemic: A field experiment,Canadian Journal of Behavioural Science,field-experiment,three-retail-stores-shopping-context,public-health-behavioral-nudge,in-person,Netherlands,en,419,not-reported-per-arm-counterbalanced-across-3-stores,Shoppers entering three retail stores during the COVID-19 pandemic,mixed,gain-framing,"Two nudge types tested: (1) a salience-based nudge and (2) a gain-based nudge, applied to hand sanitizer dispensers in shopping settings; counterbalanced across three stores with a no-nudge control condition",no-treatment-control,behavioral-compliance-rate,observed-sanitizer-dispenser-usage,not-reported,null-result-no-significant-effect,not-reported,not-reported,not-reported,not-reported,not-applicable,not-reported,moderate,Counterbalanced field design with mixed models accounting for shopping groups; blinding of observers not reported; abstract-only OA version limits assessment of selective reporting,2026-05-10,llm-claude-opus-4-7-via-pure-eur-repo,https://pure.eur.nl/en/publications/5d7c6bfe-4843-4143-ad1d-7df2b535b34c
atlas-019,10.1037/a0031785,Salmon SJ; Fennis BM; de Ridder DTD; Adriaanse MA; de Vet E,2014,Health on impulse: When low self-control promotes healthy food choices,Health Psychology,laboratory-experiment,university-laboratory,health-food-choice-behavioral-influence,in-person,Netherlands,en,177,not-reported-2x2x2-factorial,University students (119 men; mean age 20.47 SD 2.25); University of Groningen,mixed,social-proof,"Associated healthy food products with the social proof heuristic (i.e., normative cues that convey majority endorsement for those products); 2x2x2 factorial design crossing low vs high self-control x social proof vs no heuristic x trade-off vs control choice (within-subjects); strategically using the tendency under low self-control conditions to rely on heuristics (simple decision rules) as quick guides to action",no-heuristic-control,healthy-food-choice-count,number-of-healthy-food-choices-in-choice-task,not-reported,not-reported-in-OA-version,not-reported,not-reported,not-reported,not-reported,not-applicable,not-reported,unclear,Abstract-only extraction; randomization quality and blinding not described in available metadata; effect sizes not reported in OA abstract,2026-05-10,llm-claude-opus-4-7-via-rug-repo,https://research.rug.nl/en/publications/4416f69e-144b-4faa-b716-42ec114aa699
atlas-020,10.1111/j.1751-9004.2007.00018.x,"Joule, Girandola & Bernard",2007,"How Can People Be Induced to Willingly Change Their Behavior? The Path from Persuasive Communication to Binding Communication",Social and Personality Psychology Compass,theoretical-paper,conceptual-review,prosocial-and-environmental,not-applicable,France,en,not-applicable-review,not-applicable-review,"Theoretical/review paper; no primary participants",not-applicable-review,fitd,"Reviews FITD among other 'free will' compliance procedures and integrates them with commitment theory; proposes binding communication = persuasive message preceded by one or more preliminary acts",not-applicable-review,not-applicable-review,not-applicable-review,not-applicable-review,not-applicable-review,not-applicable-review,not-applicable-review,not-applicable-review,no,not-applicable-review,"Not reported",unclear,"Theoretical/review article — risk-of-bias framework for primary studies is not applicable; narrative synthesis without systematic search protocol",2026-05-10,llm-claude-opus-4-7-via-semanticscholar-search,https://ube.hal.science/hal-00585299
atlas-021,10.1016/j.chbah.2024.100061,"Boos, Schauer, Arndt & Bengler",2024,"(Un-)persuasive robots: Exploring the effect of anthropomorphic cues on the foot-in-the-door effect across three experimental studies",Computers in Human Behavior: Artificial Humans,between-subjects-experiment-multistudy,"mixed: online questionnaire, laboratory experiment, and field study",human-robot-interaction-compliance,"mixed: web; in-person",Germany,en,not-reported,not-reported,"Participants across three settings; exact Ns not retrieved",mixed,fitd,"FITD applied by a robot with two manipulated anthropomorphic-cue factors: (1) facial features displayed, (2) self-disclosure",inactive-control-no-initial-request,compliance-with-target-request,"Behavioral compliance","No significant effect of FITD technique reported across the three studies",narrative-no-significant-effect,not-reported,not-reported,not-reported,no,not-applicable,"Not reported",moderate,"Multi-study design; null FITD effect reported across settings; full statistical details and sample sizes not retrievable from open-access surfaces — ScienceDirect full text was paywalled at extraction",2026-05-10,llm-claude-opus-4-7-via-sciencedirect-search,https://doi.org/10.1016/j.chbah.2024.100061
atlas-022,10.1080/15534510.2012.696038,"Pascual, Guéguen, Pujos & Felonneau",2013,"Foot-in-the-door and problematic requests: A field experiment",Social Influence,between-subjects-field-experiment,public-street-field-setting,problematic-deviant-request-compliance,in-person,France,fr,not-reported,not-reported,"Adult male and female passers-by approached in public",general-public-pedestrians,fitd,"Foot-in-the-door: small initial innocuous request, then a second more onerous problematic/deviant request; compared against control",inactive-control-no-initial-request,compliance-with-deviant-target-request,"Binary compliance, reported by gender","Men: FITD 32.5% vs control 10.0%; Women: FITD 10.0% vs control 2.5%",compliance-rate-percentages,not-reported,not-reported,not-reported,no,not-applicable,"Not reported",moderate,"Field randomization plausible but not verified; gender moderation reported; exact cell Ns, chi-square, CIs not retrievable from open-access abstract surfaces",2026-05-10,llm-claude-opus-4-7-via-tandfonline-search,https://www.tandfonline.com/doi/abs/10.1080/15534510.2012.696038
atlas-023,10.2224/sbp.2012.40.3.369,"Saint-Bauzel & Fointiat",2012,"The Sweet Smell of the Requester: Vanilla, Camphor, and Foot-in-the-Door",Social Behavior and Personality: An International Journal,between-subjects-field-experiment,public-ecological-setting,scent-moderated-compliance,in-person,France,en,not-reported,not-reported,"Passers-by in a public ecological setting",general-public-pedestrians,fitd,"FITD procedure with requester perfumed with vanilla, camphor, or nothing",inactive-control-no-odor,compliance-with-target-request,"Binary compliance with the target request","Strong FITD effect with vanilla; no FITD effect with camphor",narrative-conditional-effect,not-reported,not-reported,not-reported,no,not-applicable,"Not reported",moderate,"Field experiment with ecological validity; key statistics not retrievable from open-access abstract surfaces — Ingenta full text returned HTTP 403",2026-05-10,llm-claude-opus-4-7-via-sbp-journal-search,https://www.ingentaconnect.com/content/10.2224/sbp.2012.40.3.369
atlas-024,10.1086/593291,"Fennis, Janssen & Vohs",2009,"Acts of Benevolence: A Limited-Resource Account of Compliance with Charitable Requests",Journal of Consumer Research,multistudy-experimental-6-studies,"mixed: field and laboratory experiments",charitable-donation-and-volunteering-compliance,"mixed: in-person field; lab",Netherlands,en,not-reported,not-reported,"Six experiments across field and lab settings",mixed-passers-by-and-student-participants,fitd,"FITD script aimed at procuring volunteer behavior; mediation tested via self-regulatory resource depletion (Experiments 1-3); Experiments 4-6 examined reciprocity, liking, consistency",inactive-control-no-initial-request,compliance-with-charitable-target-request,"Binary compliance and donation behavior","Across 6 studies authors report FITD increases compliance",narrative-significant-positive-effect,not-reported,not-reported,p<0.05,no,not-applicable,"Not reported",moderate,"Multi-study design with mediation; full text was behind subscription paywall at extraction",2026-05-10,llm-claude-opus-4-7-via-ideasrepec-search,https://ideas.repec.org/a/oup/jconrs/v35y2009i6p906-924.html
atlas-035,10.1002/hbe2.177,"Kuttschreuter M; Hilverda F",2019,Risk and benefit perceptions of human enhancement technologies: The effects of Facebook comments on the acceptance of nanodesigned food,Human Behavior and Emerging Technologies,rct-online,online-experiment,consumer-food-technology-acceptance,online,Netherlands,Dutch,289,not-reported,Representative sample of Dutch Internet users,consumer,social-proof,"Fabricated Facebook post about nanodesigned food with four manipulated user comments varied by valence (positive, negative, mixed)",no-cue-or-opposite-valence,attitude-and-purchase-intention,"Risk perception, benefit perception, attitude, and willingness to purchase",not-reported,not-reported,not-reported,not-reported,p<0.05,no,not-applicable,not-reported,moderate,"Single online experiment; representative panel; effect-size magnitudes not extractable from abstract/metadata",2026-05-10,llm-claude-opus-4-7-via-semanticscholar,https://api.semanticscholar.org/graph/v1/paper/DOI:10.1002/hbe2.177
atlas-036,10.1186/s12889-019-7323-y,"Cheung TTL; Gillebaart M; Kroese FM; Marchiori D; Fennis BM; de Ridder DTD",2019,Cueing healthier alternatives for take-away: a field experiment on the effects of (disclosing) three nudges on food choices,BMC Public Health,field-experiment,academic-hospital-takeaway-vendor,retail-food-purchase,offline,Netherlands,Dutch,not-reported,not-reported,Take-away customers (primarily hospital personnel),consumer,social-proof,"Bestselling choice! label/tag added to yogurt shake display indicating popularity",baseline-no-nudge-weeks,sales-volume,Weekly aggregate sales of targeted healthy products,not-reported,chi-square,not-reported,not-reported,not-reported,no,not-applicable,not-reported,moderate,"Underpowered for social-proof arm per authors; accessibility nudge significant (chi-sq=12.18, p<.001) but social-proof effect not separately significant",2026-05-10,llm-claude-opus-4-7-via-pmc,https://pmc.ncbi.nlm.nih.gov/articles/PMC6647265/
atlas-037,10.1509/jmkr.46.3.384,"Griskevicius V; Goldstein NJ; Mortensen CR; Sundie JM; Cialdini RB; Kenrick DT",2009,"Fear and Loving in Las Vegas: Evolution, Emotion, and Persuasion",Journal of Marketing Research,rct-lab,university-computer-laboratory,consumer-product-and-destination-advertising,offline,United States,English,765,"Study1A=154; Study1B=157; Study2=454",University students,consumer,social-proof,"Print advertisement social-proof appeals such as 'Visited By Over a Million People Each Year'; 'The museum that millions are talking about'",no-heuristic-control-and-scarcity-comparator,attitude-and-intention,Attitudes toward advertised product/destination on 9-point scales,0.46,cohens-d,not-reported,not-reported,p<0.001,no,not-applicable,not-reported,low,"Three between-subjects factorial experiments crossing emotion (fear/romantic/neutral) x heuristic (social-proof/scarcity); d range 0.20-0.73 reported; midpoint 0.46 used; social-proof advantage reverses under fear vs romantic emotion",2026-05-10,llm-claude-opus-4-7-via-pmc,https://pmc.ncbi.nlm.nih.gov/articles/2735890
atlas-038,10.1080/0144929X.2025.2477053,"Alshakhsi S; Almourad MB; Babkir A; Al-Thani D; Yankouskaya A; Montag C; Ali R",2025,Designing AI to foster acceptance: do freedom to choose and social proof impact AI attitudes among British and Arab populations?,Behaviour & Information Technology,rct-online,online-vignette-survey-experiment,ai-product-acceptance,online,United Kingdom and Arab countries,English,639,"British=316; Arab=323",British and Arab adult internet users,consumer,social-proof,"Manipulation of social proof framing about AI adoption",no-social-proof-or-low-social-proof-condition,attitude-toward-ai,Self-reported AI attitudes / acceptance,not-reported,not-reported,not-reported,not-reported,not-reported,not-reported,not-applicable,not-reported,moderate,"Two-population experimental design; effect-size numerics not retrievable without full text access",2026-05-10,llm-claude-opus-4-7-via-openalex,https://api.openalex.org/works/doi:10.1080/0144929X.2025.2477053
atlas-039,10.1016/j.jretconser.2025.104502,"Kong J; Lou C",2025,"Beyond persuasion Knowledge: Examining the roles of visual appeal, visual congruence, and social proof in influencer advertising",Journal of Retailing and Consumer Services,cross-sectional-survey,online-survey,influencer-sponsored-content,online,not-reported,English,292,not-applicable-correlational,Adult consumers exposed to sponsored influencer content,consumer,social-proof,"Perceived social proof cues in sponsored influencer posts (likes/comments/shares signaling popularity)",not-applicable-correlational,engagement-intention,Engagement with sponsored content,not-reported,not-reported,not-reported,not-reported,not-reported,no,not-applicable,not-reported,moderate-to-high,"Single cross-sectional survey (N=292); social proof modeled as heuristic-cue path; effect-size numerics not retrievable",2026-05-10,llm-claude-opus-4-7-via-openalex,https://api.openalex.org/works/doi:10.1016/j.jretconser.2025.104502
atlas-040,10.1007/s12144-010-9082-x,"Fennis, Bob M.; Janssen, Loes",2010,Mindlessness Revisited: Sequential Request Techniques Foster Compliance by Draining Self-control Resources,Current Psychology,lab-experiment,university laboratory cubicles with laptops,prosocial volunteering request following sequential-request priming,face-to-face,Netherlands,English,56,"demanding=28; undemanding=28",university students (mean age 21.4),student,commitment-consistency;fitd,"Continued Questions Procedure: demanding condition generated 3 arguments OPPOSING their position; undemanding generated 3 arguments SUPPORTING position; then target request for hours willing to volunteer",active-control,compliance,hours willing to volunteer for student action group on 0-5 scale,5.83,f-1-54,not-reported,not-reported,p=0.02,no,not-applicable,not-reported,high,"small N=56; unequal gender (47M:9F); single institution; no control without initial request; M_demanding=1.36 SD=0.68; M_undemanding=1.04 SD=0.19",2026-05-10,llm-claude-opus-4-7-via-link.springer.com,https://link.springer.com/article/10.1007/s12144-010-9082-x
atlas-041,10.1016/j.giq.2017.11.006,"Lee, Habin; Tsohou, Aggeliki; Choi, Youngseok",2017,Embedding persuasive features into policy issues: Implications to designing public participation,Government Information Quarterly,lab-experiment,mobile e-participation prototype tested in UK and Turkey,civic engagement / e-participation policy issues,online,United Kingdom;Turkey,English,80,not-reported,citizens across UK and Turkey using mobile e-participation prototype,citizen,social-proof;authority,"Persuasive features tested were preference matching, location matching, social proof, and authority embedded in policy issues; commitment-consistency was NOT among the tested features",active-control,engagement,attention to policy issues and engagement time with prototype,not-reported,not-reported,not-reported,not-reported,not-reported,no,not-applicable,not-reported,unclear,"paper does NOT test commitment-consistency directly (screening labeling artifact); effect-size details not accessible in OA metadata; full PDF behind Elsevier paywall",2026-05-10,llm-claude-opus-4-7-via-api.openalex.org,https://doi.org/10.1016/j.giq.2017.11.006
atlas-042,10.1007/s12525-020-00414-7,"Adam, Martin; Wessel, Michael; Benlian, Alexander",2020,AI-based chatbots in customer service and their effects on user compliance,Electronic Markets,lab-experiment,online customer-service chatbot scenario in a banking context,financial services customer feedback,online,Germany,German,153,"approximately 38-39 per cell across 2x2 (FITD absent/present x ADC low/high)",German adults recruited via Facebook (mean age 31.58),customer,fitd;commitment-consistency,"FITD condition: small initial request to provide one-question feedback about chatbot, then larger target feedback questionnaire request",no-treatment,compliance,binary compliance (yes/no) with larger feedback questionnaire request,2.499,adjusted-odds-ratio,not-reported,not-reported,p<0.05,no,not-applicable,not-reported,moderate,"97 participants excluded for failed manipulation/attention checks; Harman single-factor 16.61% suggesting acceptable CMV; b=0.916 for FITD main effect",2026-05-10,llm-claude-opus-4-7-via-link.springer.com,https://link.springer.com/article/10.1007/s12525-020-00414-7
atlas-043,10.1016/j.chbr.2025.100694,"Stylianou, Ioannis; Bountakas, Panagiotis; Zarras, Apostolis; Xenakis, Christos",2025,Suspicious minds: Psychological techniques correlated with online phishing attacks,Computers in Human Behavior Reports,systematic-review,systematic literature review plus empirical re-analysis,phishing / social engineering attacks,online,Greece,English,not-applicable-review,not-applicable-review,not-applicable-review,not-applicable-review,commitment-consistency;authority;reciprocity;social-proof,"Authors synthesized prior empirical studies of Authority, Commitment-Consistency, Reciprocity, and Group Pressure as influence techniques used in phishing; introduced ACR, RCR, CCR metrics",not-applicable-review,compliance,Absolute/Relative/Comprehensive Compliance Rate metrics,not-applicable-review,not-applicable-review,not-applicable-review,not-applicable-review,not-applicable-review,no,not-applicable,not-reported,unclear,"systematic-review/methodological paper; individual commitment-consistency effect-size values not accessible in OA metadata",2026-05-10,llm-claude-opus-4-7-via-api.openalex.org,https://doi.org/10.1016/j.chbr.2025.100694
atlas-044,10.31234/osf.io/v6rqb_v1,"Bakwana, Shukurana Sulaiman Adam; Adam, Naziru Sulaiman",2025,Enhancing Parental Compliance in School Fee Payment through Psychological Framing: A Pilot Evaluation of the Bakwana Compliance Sheet (BCS),PsyArXiv (OSF Preprints),quasi-experimental,four private primary schools in Hotoro Ward Nasarawa LGA Kano State; one-group pretest-posttest pilot over two academic terms,school fee payment compliance,face-to-face,Nigeria,English,620,"School A=113; School B=187; School C=155; School D=170 (within-subject pre/post)",parents of enrolled pupils at four private primary schools,parent,commitment-consistency,"Bakwana Compliance Sheet: structured paper-based form prompting parents to select a payment plan in advance, tick chosen option, sign their name, and in some schools have their selection publicly noted on a class payment chart — a structured commitment device making a personal and socially visible pledge",pre-post-baseline,compliance,binary on-time fee payment aggregated to school-level on-time payment percentage,7.43,t-statistic,not-reported,not-reported,p=0.005,no,not-applicable,"This research did not receive any grant",high,"one-group pretest-posttest with no control group (authors acknowledge); purposive school selection; potential history/maturation confounds; M_baseline=112.75 SD=19.99 students paid, M_post=134.5 SD=22.48, Cohen's d=0.30 (note: original t=-7.43 sign reflects direction; abs value used)",2026-05-10,llm-claude-opus-4-7-via-osf.io,https://osf.io/v6rqb_v1/download
atlas-030,10.1086/655668,"Pham, Michel Tuan; Chang, Hannah H.",2010,"Regulatory Focus, Regulatory Fit, and the Search and Consideration of Choice Alternatives",Journal of Consumer Research,experiment,unable-to-access,consumer-product-choice,unable-to-access,unable-to-access,en,unable-to-access,unable-to-access,unable-to-access,unable-to-access,regulatory-fit,"unable-to-access (abstract: three experiments manipulating promotion vs. prevention focus); full operationalization gated by SMU CAPTCHA and OUP paywall",promotion-vs-prevention-focus,consideration-set-size-and-search-level,unable-to-access,unable-to-access,unable-to-access,unable-to-access,unable-to-access,unable-to-access,not-reported,not-reported,unable-to-access,unable-to-access,"full text inaccessible; only Semantic Scholar abstract retrieved",2026-05-10,llm-claude-opus-4-7-via-semanticscholar-api,https://api.semanticscholar.org/graph/v1/paper/DOI:10.1086/655668
atlas-031,10.7222/marketing.2026.008,"Watanabe, Hisaaki; Suga, Ryota",2025,"Regulatory Fit and Regulatory Mode Fit in Marketing Research: A Literature Review from 2015 to 2025",Quarterly Journal of Marketing,systematic-review,literature-review,marketing-broad,literature,Japan,en,48,not-applicable-review,"48 empirical studies on regulatory fit published 2015-2025",reviewed-studies,regulatory-fit,"Systematic review using WoS keyword search 'regulatory fit' (2015-2025), filtered to 96 articles in 20 ABS 3*/4* marketing journals, content-screened to 48 empirical studies",not-applicable-review,review-of-fit-effects,not-applicable-review,not-applicable-review,not-applicable-review,not-applicable-review,not-applicable-review,not-applicable-review,not-reported,not-reported,not-reported,moderate,"no formal risk-of-bias appraisal of included studies; no PRISMA flow; single-database (WoS) search; journal-quality filter introduces selection bias",2026-05-10,llm-claude-opus-4-7-via-jstage,https://www.jstage.jst.go.jp/article/marketing/advpub/0/advpub_2026.008/_pdf
atlas-032,10.1145/3613904.3642640,"Ghaiumy Anaraky, Reza; Li, Yao; Cho, Hichang; Huang, Danny Yuxing; Byrne, Kaileigh A.; Knijnenburg, Bart; Nov, Oded",2024,"Personalizing Smart Home Privacy Protection With Individuals' Regulatory Focus: Would You Preserve or Enhance Your Information Privacy?",Proceedings of the CHI Conference on Human Factors in Computing Systems (CHI '24),experiment,online,privacy-protection-technology-adoption,online-survey-and-download,United States,en,236,"loss-framing (PPT) n=120; gain-framing (PET) n=116",US adults recruited via Prolific who use smart devices,consumer,regulatory-fit;loss-framing;gain-framing,"Between-subject framing manipulation of IoT Inspector as 'Privacy Enhancing Technology' (PET gain-frame) vs. 'Privacy Preserving Technology' (PPT loss-frame); regulatory focus measured via Higgins RFQ then median-split",mismatched-framing-vs-focus,download-behavior-primary,binary download (yes/no),1.943,adjusted-odds-ratio,not-reported,not-reported,p=0.295,no,not-reported,not-reported,moderate,"single experiment; median-split on continuous regulatory focus; primary download outcome NULL (p=0.295); secondary mediated paths on trust (b=0.652 p=0.023) and privacy-calculus (b=-0.958 p=0.011) reached significance but primary preregistered outcome did not; no preregistration",2026-05-10,llm-claude-opus-4-7-via-arxiv,https://arxiv.org/pdf/2402.17838
atlas-033,10.1002/mar.22016,"Zhang, Junhui; Balaji, M. S.; Luo, Jun; Jha, Subhash; Dwivedi, Yogesh K.",2024,"It is a match! The effect of regulatory fit on new products recommendations",Psychology & Marketing,experiment,"lab (Study 1) and online (Studies 2-4)",online-retail-new-product-recommendations,online-shopping-simulation,"China (Study 1); United States (Studies 2-4)","Chinese (Study 1); English (Studies 2-4)",1016,"Study 1 n=193; Study 2 n=200; Study 3 n=376; Study 4 n=247","Study 1: Chinese university student panel; Studies 2-4: US Prolific Academic panel",consumer,regulatory-fit,"2 (product regulatory focus: promotion vs. prevention) x 2 (recommendation-message regulatory orientation: promotion vs. prevention) between-subjects design; regulatory fit = product focus matches message orientation",mismatched-product-message-pairing,click-through-behavior-and-intention,"actual click counts (Study 1); 7-point Likert click-through intention (Studies 2-4)",9.54,f-1-188,not-reported,not-reported,p<0.01,partial,https://aspredicted.org/blind.php?x=L1K_C19,not-reported,moderate,"Study 2 only preregistered; Studies 1, 3, 4 not preregistered; data available on request only; fictitious-retailer stimuli reduce ecological validity; Study 1 F(1,188)=9.54 used; remaining studies: F(1,195)=15.39, F(1,372)=5.62, F(1,242)=19.79",2026-05-10,llm-claude-opus-4-7-via-cronfa-swansea,https://cronfa.swan.ac.uk/Record/cronfa66138/Download/66138__30405__0e4df78f5a3d4a63be633ddcced388c0.pdf
atlas-034,10.1002/mar.21736,"Naletelich, Kelly; Ketron, Seth; Spears, Nancy; Gelves, J. Alejandro",2023,"Using representational and abstract imagery to create regulatory fit effects",Psychology & Marketing,experiment,"controlled-lab and online (4 studies)",advertising-imagery,unable-to-access,unable-to-access,en,unable-to-access,unable-to-access,unable-to-access,unable-to-access,regulatory-fit,"unable-to-access (abstract: representational imagery + prevention focus and abstract imagery + promotion focus = fit; mediators: perceived risk, departure-from-status-quo); full methods gated by Wiley paywall",mismatched-imagery-mindset,attitudinal-and-behavioral-response,unable-to-access,unable-to-access,unable-to-access,unable-to-access,unable-to-access,unable-to-access,not-reported,not-reported,unable-to-access,unable-to-access,"full text inaccessible; Wiley Online Library returned HTTP 402/403 across all access routes",2026-05-10,llm-claude-opus-4-7-via-semanticscholar-api,https://api.semanticscholar.org/graph/v1/paper/DOI:10.1002/mar.21736
