id,doi,title,oa_status,is_oa,best_oa_pdf_url,license
doi:10.2466/pr0.96.1.122-128,10.2466/pr0.96.1.122-128,Foot-in-the-Door and Door-in-the-Face: A Comparative Meta-Analytic Study,closed,false,,
openalex:W1996792641,10.3200/socp.145.2.237-240,The Effectiveness of Compliance Techniques: Foot in the Door Versus Door in the Face,closed,false,,
openalex:W2120779670,10.1007/s12144-010-9082-x,Mindlessness Revisited: Sequential Request Techniques Foster Compliance by Draining Self-control Resources,hybrid,true,https://link.springer.com/content/pdf/10.1007/s12144-010-9082-x.pdf,cc-by-nc
openalex:W1991369644,10.1037/0022-3514.76.2.192,A disrupt-then-reframe technique of social influence.,closed,false,,
openalex:W2040842263,10.1080/00224545.1986.9713577,Compliance Employing a Combined Foot-in-the-Door and Door-in-the-Face Procedure,closed,false,,
openalex:W1539499155,10.1111/j.1468-2958.1984.tb00028.x,SEQUENTIAL-REQUEST PERSUASIVE STRATEGIES.,closed,false,,
openalex:W3013551346,10.1037/hea0000854,The effect of persuasive messages on hospital visitors’ hand hygiene behavior.,closed,false,,
openalex:W2898511685,10.1080/09669582.2018.1526294,Loss or gain? The role of message framing in hotel guests’ recycling behaviour,green,true,https://researchportal.port.ac.uk/portal/en/publications/loss-or-gain-the-role-of-message-framing-in-hotel-guests-recycling-behaviour(e6afe5d7-5963-446b-84e8-00681cf32af2).html,
openalex:W2741403893,10.5334/irsp.15,"When, How and Why is Loss-Framing More Effective than Gain- and Non-Gain-Framing in the Promotion of Detection Behaviors",gold,true,http://www.rips-irsp.com/articles/10.5334/irsp.15/galley/67/download/,cc-by
openalex:W2768187963,10.1016/j.giq.2017.11.006,Embedding persuasive features into policy issues: Implications to designing public participation processes,hybrid,true,https://doi.org/10.1016/j.giq.2017.11.006,cc-by
doi:10.1016/j.ijpsycho.2009.05.006,10.1016/j.ijpsycho.2009.05.006,"Something to gain, something to lose: The cardiovascular consequences of outcome framing",closed,false,,
openalex:W2080571854,10.1016/j.jesp.2007.06.001,Selective exposure and decision framing: The impact of gain and loss framing on confirmatory information search after de,gold,true,https://hal.science/hal-00563508,other-oa
doi:10.1177/0146167299258006,10.1177/0146167299258006,Compliance with a Request in Two Cultures: The Differential Influence of Social Proof and Commitment/Consistency on Coll,closed,false,,
openalex:W2010273563,10.1111/j.1445-5994.1998.tb01953.x,Commercial detailing techniques used by pharmaceutical representatives to influence prescribing,closed,false,,
openalex:W2094763639,10.1002/ejsp.2420170311,Tabacco deprivation: The foot‐in‐the‐door technique versus the low‐ball technique,closed,false,,
openalex:W1995403491,10.1037//0022-3514.32.5.774,Effects of initial request size and timing of a second request on compliance: The foot in the door and the door in the f,closed,false,,
doi:10.1108/gkmc-06-2023-0188,10.1108/gkmc-06-2023-0188,Social proof: empowering social commerce through social validation,closed,false,,
doi:10.1093/joc/jqaf002,10.1093/joc/jqaf002,A meta-analysis of gain–loss framing effects in narrative persuasion,closed,false,,
openalex:W4407850421,10.1016/j.ecolecon.2025.108561,The benefits of less: The effect of sufficiency gain framing on sufficiency behavior,hybrid,true,https://doi.org/10.1016/j.ecolecon.2025.108561,cc-by
openalex:W4401839552,10.1016/j.ecolecon.2024.108344,Saving the world voluntarily: Experimental evidence of gain-loss framing on voluntary pro-environmental behavior,hybrid,true,https://doi.org/10.1016/j.ecolecon.2024.108344,cc-by
openalex:W4220976990,10.3386/w29828,Loss Aversion or Lack of Trust: Why Does Loss Framing Work to Encourage Preventative Health Behaviors?,green,true,https://doi.org/10.3386/w29828,
openalex:W4200254044,10.1016/j.foodqual.2021.104500,Gain framing increases support for measures promoting plant-based eating in university settings,hybrid,true,https://doi.org/10.1016/j.foodqual.2021.104500,cc-by
doi:10.3389/fpsyg.2021.568212,10.3389/fpsyg.2021.568212,Framing Messages to Deal With the COVID-19 Crisis: The Role of Loss/Gain Frames and Content,gold,true,https://www.frontiersin.org/articles/10.3389/fpsyg.2021.568212/pdf,cc-by
openalex:W3127854523,10.24251/hicss.2021.271,Building Community Resilience Using Gain-Loss Framing to Nudge Homeowner Mitigation and Insurance Decision-making,bronze,true,http://scholarspace.manoa.hawaii.edu/bitstream/10125/70884/1/0217.pdf,
openalex:W3202474679,10.4324/9781003128052,Evaluating Social Media Marketing,closed,false,,
openalex:W3168197945,10.1007/s42973-021-00076-w,Effective but fragile? Responses to repeated nudge-based messages for preventing the spread of COVID-19 infection,hybrid,true,https://link.springer.com/content/pdf/10.1007/s42973-021-00076-w.pdf,cc-by
openalex:W4248249504,10.31235/osf.io/7pykj,Prospect Theory in Times of a Pandemic: The Effects of Gain versus Loss Framing on Policy Preferences and Emotional Resp,closed,false,,
openalex:W3012220842,10.1007/s12525-020-00414-7,AI-based chatbots in customer service and their effects on user compliance,hybrid,true,https://link.springer.com/content/pdf/10.1007/s12525-020-00414-7.pdf,cc-by
openalex:W3092042051,10.1037/pspa0000261,Does social psychology persist over half a century? A direct replication of Cialdini et al.’s (1975) classic door-in-the,closed,false,,
openalex:W3022206279,10.1002/nvsm.1675,The relative effectiveness of <scp>gain‐framed</scp> and <scp>loss‐framed</scp> messages in charity advertising: <scp>Me,closed,false,,
openalex:W3016965295,10.1017/s1368980019004683,The effects of gain- and loss-framed nutritional messages on children’s healthy eating behaviour,bronze,true,https://www.cambridge.org/core/services/aop-cambridge-core/content/view/F5B3B2B1996698EB32AFA07D7C50F62D/S1368980019004683a.pdf/div-class-title-the-effects-of-gain-and-loss-framed-nutritional-messages-on-children-s-healthy-eating-behaviour-div.pdf,
doi:10.1111/risa.13379,10.1111/risa.13379,"Loss/Gain Framing, Dose, and Reactance: A Message Experiment",closed,false,,
openalex:W2976902260,10.1080/15551393.2019.1638785,A Process Analysis of Message Style and Persuasion: The Effects of Gain-Loss Framing and Emotion-Inducing Imagery,closed,false,,
openalex:W2917453790,10.1080/10810730.2019.1581305,Testing the Role of Narrative and Gain-Loss Framing in Messages to Promote Sleep Hygiene among High School Students,closed,false,,
openalex:W2979463990,10.1002/hbe2.177,Risk and benefit perceptions of human enhancement technologies: The effects of Facebook comments on the acceptance of na,hybrid,true,https://onlinelibrary.wiley.com/doi/pdfdirect/10.1002/hbe2.177,cc-by
openalex:W2971802883,10.1177/0033294119872208,The Foot-in-the-Door Phenomenon 40 and 50 Years Later: A Direct Replication of the Original Freedman and Fraser Study in,closed,false,,
openalex:W2964109309,10.1186/s12889-019-7323-y,Cueing healthier alternatives for take-away: a field experiment on the effects of (disclosing) three nudges on food choi,gold,true,https://bmcpublichealth.biomedcentral.com/track/pdf/10.1186/s12889-019-7323-y,cc-by
openalex:W2810832058,10.1080/01292986.2018.1491057,The effects of gain versus loss framing and issue involvement on publics’ responses to nuclear energy messages in South ,closed,false,,
openalex:W2807840143,10.3389/fcomm.2018.00030,The Effect of Online Social Proof Regarding Organic Food: Comments and Likes on Facebook,gold,true,https://www.frontiersin.org/articles/10.3389/fcomm.2018.00030/pdf,cc-by
openalex:W2820614287,10.1080/10810730.2018.1493059,Reading or Listening to a Gain- or Loss-Framed Health Message: Effects of Message Framing and Communication Mode in the ,hybrid,true,https://www.tandfonline.com/doi/pdf/10.1080/10810730.2018.1493059?needAccess=true,cc-by-nc-nd
openalex:W2771324533,10.1177/0033294117745885,Mindfulness and Compliance: The Way We Make Requests Influences Compliance With the Foot-in-the-Door Strategy,closed,false,,
openalex:W2148440443,10.1016/j.jpubeco.2017.02.003,The behavioralist as tax collector: Using natural field experiments to enhance tax compliance,bronze,true,https://www.sciencedirect.com/science/article/pii/S0047272717300166,
openalex:W2613641435,10.1080/00913367.2017.1321069,Guilt and Shame: Environmental Message Framing Effects,closed,false,,
openalex:W2773941962,10.1080/10810730.2017.1396629,Conditional Effects of Gain–Loss-Framed Narratives among Current Smokers at Different Stages of Change,green,true,https://dr.ntu.edu.sg/bitstream/10356/142803/2/SmokingNarrativeFraming_JHC_fulltext.pdf,
openalex:W2489620729,10.1080/07359683.2016.1199209,A health fundraising experiment using the “foot-in-the-door” technique,closed,false,,
openalex:W2472164689,10.1002/ijop.12289,Understanding the foot‐in‐the‐door effect as a pseudo‐effect from the perspective of the Campbell paradigm,closed,false,,
openalex:W2462828809,10.1016/j.erap.2016.06.004,A meta-analysis of the effectiveness of the low-ball compliance-gaining procedure,closed,false,,
openalex:W1819601271,10.1080/15377857.2015.1086137,Pushing Too Hard: Using Door-in-the-Face to Get Voters out the Door,closed,false,,
openalex:W1858694176,10.1080/02650487.2014.994731,Message framing in green advertising: the effect of construal level and consumer environmental concern,closed,false,,
openalex:W1567186754,10.1080/10810730.2015.1018623,"Effects of Issue Involvement and Framing of a Responsible Drinking Message on Attitudes, Intentions, and Behavior",green,true,https://handle.uba.uva.nl/personal/pure/en/publications/effects-of-issue-involvement-and-framing-of-a-responsible-drinking-message-on-attitudes-intentions-and-behavior(c2bedee1-53d6-4f6d-a9f7-dbf6ef205315).html,other-oa
openalex:W2207989493,10.1080/15534510.2015.1049203,The low-ball compliance procedure: a meta-analysis,closed,false,,
openalex:W2056909466,10.1080/10410236.2014.910882,"Antecedents to Psychological Reactance: The Impact of Threat, Message Frame, and Choice",closed,false,,
openalex:W2149379649,10.1177/0093650214534973,Framing Virtual Experiences,closed,false,,
openalex:W2107045364,10.1080/10810730.2013.837557,The Relative Persuasiveness of Gain-Framed Versus Loss-Framed HIV Testing Message: Evidence From a Field Experiment in N,closed,false,,
openalex:W1752586483,10.1111/jasp.12156,Emotional disrupt‐then‐reframe technique of social influence,closed,false,,
openalex:W2000667226,10.1007/s12160-013-9543-1,The Effectiveness of Gain- Versus Loss-Framed Health Messages in Improving Oral Health in Iranian Secondary Schools: A C,bronze,true,https://academic.oup.com/abm/article-pdf/47/3/376/21982663/12160_2013_article_9543.pdf,
openalex:W2005482589,10.1080/15534510.2013.798243,Low-ball and compliance: Commitment even if the request is a deviant one,closed,false,,
openalex:W2042694963,10.2466/07.17.21.pr0.111.6.669-686,Effects of Subliminal Affective Priming on Helping Behavior Using the Foot-in-the-Door Technique,closed,false,,
openalex:W2140709859,10.3390/ijerph9062121,Gain-Framed Messages Do Not Motivate Sun Protection: A Meta-Analytic Review of Randomized Trials Comparing Gain-Framed a,gold,true,https://www.mdpi.com/1660-4601/9/6/2121/pdf?version=1403139729,other-oa
openalex:W2149423867,10.1080/10410236.2011.640974,The Relative Persuasiveness of Gain- and Loss-Framed Messages for Promoting Vaccination: A Meta-Analytic Review,closed,false,,
openalex:W1976812043,10.1007/s12160-012-9366-5,Predicting Human Papillomavirus Vaccine Uptake in Young Adult Women: Comparing the Health Belief Model and Theory of Pla,bronze,true,https://academic.oup.com/abm/article-pdf/44/2/171/22070407/12160_2012_article_9366.pdf,
openalex:W588144415,,Health communication message design : theory and practice,no_doi,false,,
openalex:W2059855555,10.1111/j.1460-2466.2012.01655.x,"Emotion, Motivation, and the Persuasive Effects of Message Framing",closed,false,,
openalex:W2329956370,10.1037/a0030126,Do you want the good news or the bad news? Gain- versus loss-framed messages following health risk information: The effe,closed,false,,
openalex:W2039579761,10.1037/a0029305,The role of dispositional factors in moderating message framing effects.,green,true,https://durham-repository.worktribe.com/output/1477215,cc-by
openalex:W2108905194,10.1080/10410236.2011.567447,"Communicating to Young Adults About HPV Vaccination: Consideration of Message Framing, Motivation, and Gender",closed,false,,
openalex:W2118938346,10.1037/a0023677,Effective communication of risks to young adults: Using message framing and visual aids to increase condom use and STD s,closed,false,,
openalex:W2170917018,10.1080/08870446.2010.526715,The persuasive effects of framing messages on fruit and vegetable consumption according to regulatory focus theory,closed,false,,
openalex:W2119363857,10.1080/10410236.2011.617243,Acceptability of the H1N1 Vaccine Among Older Adults: The Interplay of Message Framing and Perceived Vaccine Safety and ,closed,false,,
openalex:W2087682477,10.1080/08824096.2011.616242,Gain- and Loss-Frame Sun Safety Messages and Psychological Reactance of Adolescents,green,true,https://www.ncbi.nlm.nih.gov/pmc/articles/9031367,
openalex:W2103540383,10.1086/655668,"Regulatory Focus, Regulatory Fit, and the Search and Consideration of Choice Alternatives",green,true,https://ink.library.smu.edu.sg/cgi/viewcontent.cgi?article=3916&amp;amp;context=lkcsb_research,other-oa
openalex:W2147613666,10.1080/10810730.2010.499593,The Use of Gain- or Loss-Frame Messages and Efficacy Appeals to Dissuade Excessive Alcohol Consumption Among College Stu,closed,false,,
openalex:W2008067288,10.1080/10410231003773326,Predictors and the Role of Attitude Toward the Message and Perceived Message Quality in Gain- and Loss-Frame Antidrug Pe,closed,false,,
openalex:W2009589362,10.1145/1520340.1520645,Authority vs. peer,closed,false,,
openalex:W2110729267,10.1521/soco.2009.27.3.365,Regulatory Fit in Negotiation: Effects of “Prevention-Buyer” and “Promotion-Seller” Fit,closed,false,,
openalex:W2153405803,10.1111/j.1460-2466.2009.01417.x,The Relative Persuasiveness of Gain-Framed and Loss-Framed Messages for Encouraging Disease Detection Behaviors: A Meta-,closed,false,,
openalex:W2114420714,10.1111/j.1467-9280.2009.02296.x,Bounded Ethicality,closed,false,,
openalex:W1970190931,10.1016/j.jesp.2009.04.002,Message framing and color priming: How subtle threat cues affect persuasion,closed,false,,
openalex:W2060807696,10.1080/08870440902893708,Moving beyond the function of the health behaviour: The effect of message frame on behavioural decision-making,closed,false,,
openalex:W2159947312,10.1093/her/cyp061,Investigating message-framing effects in the context of a tailored intervention promoting physical activity,bronze,true,https://academic.oup.com/her/article-pdf/25/2/343/1945867/cyp061.pdf,
openalex:W2132485641,10.1002/ejsp.722,Distinct pathways to persuasion: The role of affect in message‐framing effects,bronze,true,https://onlinelibrary.wiley.com/doi/pdfdirect/10.1002/ejsp.722,
openalex:W2078007546,10.1509/jmkr.46.3.384,"Fear and Loving in Las Vegas: Evolution, Emotion, and Persuasion",green,true,https://www.ncbi.nlm.nih.gov/pmc/articles/2735890,
openalex:W2125898335,10.1086/521902,Be Fit and Be Strong: Mastering Self-Regulation through Regulatory Fit,closed,false,,
openalex:W1974389286,10.1080/15534510802254087,Is it a game? Evidence for social influence in the virtual world,closed,false,,
openalex:W2062104800,10.1080/15534510802204868,Ostracism increases social susceptibility,closed,false,,
openalex:W2166257272,10.2466/pr0.103.2.529-534,Foot-in-the-Door Technique Using a Courtship Request: A Field Experiment,closed,false,,
openalex:W2087791853,10.1348/135910707x246186,Promoting participation in physical activity using framed messages: An application of prospect theory,closed,false,,
openalex:W2072828624,10.1016/j.jesp.2008.12.005,"The cultural congruency effect: Culture, regulatory focus, and the effectiveness of gain- vs. loss-framed health message",green,true,https://kar.kent.ac.uk/32386/1/uskul_sherman_fitzgibbon_JESP_inpress.pdf,
openalex:W2158034820,10.1080/10410230801967825,Adolescents' Perceptions of Canadian Cigarette Package Warning Labels: Investigating the Effects of Message Framing,closed,false,,
openalex:W2167593705,10.1002/ejsp.496,The influence of self‐efficacy on the effects of framed health messages,closed,false,,
openalex:W2086943085,10.1080/14622200701767803,Message framing for smoking cessation: The interaction of risk perceptions and gender,green,true,https://www.ncbi.nlm.nih.gov/pmc/articles/2527723,
openalex:W1966935216,10.1111/j.1460-2466.2008.00393.x,Effects of Gain Versus Loss Frame Antidrug Ads on Adolescents,closed,false,,
openalex:W2027548234,10.1086/518541,The Role of the Need for Cognitive Closure in the Effectiveness of the Disrupt-Then-Reframe Influence Technique: Table 1,closed,false,,
openalex:W2170718472,10.1111/j.1751-9004.2007.00018.x,How Can People Be Induced to Willingly Change Their Behavior? The Path from Persuasive Communication to Binding Communic,green,true,https://ube.hal.science/hal-00585299,other-oa
openalex:W2114823211,10.1080/10810730701615198,The Relative Persuasiveness of Gain-Framed Loss-Framed Messages for Encouraging Disease Prevention Behaviors: A Meta-Ana,closed,false,,
openalex:W2027458062,10.1080/10810730701619695,The Effectiveness of Gain-Framed Messages for Encouraging Disease Prevention Behavior: Is All Hope Lost?,closed,false,,
openalex:W2158765536,10.1080/03637750701397098,The Persuasive Effects of Message Framing in Organ Donation: The Mediating Role of Psychological Reactance,closed,false,,
openalex:W2057777359,10.1037/0278-6133.26.6.745,Using message framing to promote acceptance of the human papillomavirus vaccine.,closed,false,,
openalex:W2022142132,10.1037/0893-164x.21.4.534,Comparing gain- and loss-framed messages for smoking cessation with sustained-release bupropion: A randomized controlled,green,true,https://www.ncbi.nlm.nih.gov/pmc/articles/2527727,
openalex:W2049264736,10.1080/13548500701235732,The role of message framing in promoting MMR vaccination: Evidence of a loss-frame advantage,closed,false,,
openalex:W2052869868,10.1111/j.1460-2466.2006.00290.x,The Strategic Use of Gain- and Loss-Framed Messages to Promote Healthy Behavior: How Theory Can Inform Practice,closed,false,,
openalex:W2143115637,10.1016/j.jesp.2006.06.002,Implementation intentions and the willful pursuit of prosocial goals in negotiations,bronze,true,https://www.sciencedirect.com/science/article/pii/S0022103106000941,
openalex:W65327668,,A general framework for modifying health-relevant behavior: reducing undergraduate binge drinking by appealing to commit,no_doi,false,,
openalex:W1999747209,10.1037/0278-6133.24.3.321,Why Are You Bringing Up Condoms Now? The Effect of Message Content on Framing Effects of Condom Use Messages.,closed,false,,
doi:10.1207/s15327663jcp1403_9,10.1207/s15327663jcp1403_9,"“If You Can't Dazzle Them with Brilliance, Baffle Them with Nonsense”: Extending the Impact of the Disrupt‐Then‐Reframe ",closed,false,,
openalex:W2020244404,10.2466/pr0.94.3.767-770,Cultural Differences in Altruistic Behavior: Quasi Replication of Uranowitz's “Foot-in-the-Door with Implicit Demand”,closed,false,,
openalex:W2139934956,10.1177/1359105305048556,Message Framing and Pap Test Utilization among Women Attending a Community Health Clinic,closed,false,,
openalex:W2170240570,10.1037/0278-6133.23.3.330,Dispositional Motivations and Message Framing: A Test of the Congruency Hypothesis in College Students.,green,true,https://www.ncbi.nlm.nih.gov/pmc/articles/2575807,
openalex:W3125011042,10.1037/0022-3514.86.2.205,Bringing the Frame Into Focus: The Influence of Regulatory Fit on Processing Fluency and Persuasion.,closed,false,,
openalex:W2012234420,10.1509/jmkr.40.1.54.19133,"Affect, Framing, and Persuasion",closed,false,,
openalex:W2116903854,10.1111/j.1559-1816.2003.tb02775.x,Need for Cognition Moderates Responses to Framed Smoking‐Cessation Messages<sup>1</sup>,closed,false,,
openalex:W2032799966,10.2466/pr0.2002.91.1.81,Low-Ball and Compliance to a Request: An Application in a Field Setting,closed,false,,
openalex:W2139644157,10.1089/109493101753376650,Fund-Raising on the Web: The Effect of an Electronic Foot-in-the-Door on Donation,closed,false,,
openalex:W2141229480,10.1080/10810730150501413,Presenting Risk Information A Review of the Effects of Framing and other Manipulations on Patient Outcomes,closed,false,,
openalex:W2113712671,10.1111/j.1559-1816.2001.tb01407.x,Visual and Auditory Message Framing Effects on Tobacco Smoking<sup>1</sup>,closed,false,,
doi:10.1037//0022-3514.76.2.192,10.1037//0022-3514.76.2.192,A disrupt-then-reframe technique of social influence.,closed,false,,
openalex:W1992451914,10.1207/s15327957pspr0304_2,The Foot-in-the-Door Compliance Procedure: A Multiple-Process Analysis and Review,closed,false,,
openalex:W2011206369,10.1177/0146167299259003,The Systematic Influence of Gain-and Loss-Framed Messages on Interest in and Use of Different Types of Health Behavior,closed,false,,
openalex:W2066855679,10.1006/obhd.1998.2800,Negotiator Risk: Sources of Uncertainty and the Impact of Reference Points on Negotiated Agreements,closed,false,,
openalex:W2077818284,10.1037/0033-2909.121.1.3,Shaping perceptions to motivate healthy behavior: The role of message framing.,closed,false,,
openalex:W2079314714,10.1207/s1532768xjepc0703_2,The Effects of Two Sequential-Request Strategies on Teachers' Acceptability and Use of a Classroom Intervention,closed,false,,
openalex:W2075661039,10.1002/(sici)1520-6793(199602)13:2<157::aid-mar3>3.0.co;2-e,Application of compliance techniques to direct-mail requests for charitable donations,closed,false,,
openalex:W2160626509,10.1177/0146167296223004,Message Framing and Persuasion: A Message Processing Analysis,closed,false,,
openalex:W2048180403,10.1016/0148-2963(93)00038-3,Message framing and buying behavior: A field experiment,closed,false,,
openalex:W2055329310,10.1037//0278-6133.14.2.178,The effects of message framing on mammography utilization.,closed,false,,
openalex:W2095966890,10.1006/obhd.1994.1076,"Effects of Gain-Loss Frames in Negotiation: Loss Aversion, Mismatching, and Frame Adoption",bronze,true,https://www.sciencedirect.com/science/article/pii/S0749597884710764,
openalex:W2135630262,10.1177/0146167291173008,The Current Status of Research on Sequential-Request Compliance Techniques,closed,false,,
openalex:W2075319678,10.1080/00224545.1989.9712050,The Influence of Enlightenment on Compliance,closed,false,,
openalex:W2022542920,10.1080/00224545.1988.9924559,Differential Perception of Source Legitimacy in Sequential Request Strategies,closed,false,,
openalex:W2019735051,10.1037//0022-3514.52.3.500,"The effect of message framing on breast self-examination attitudes, intentions, and behavior.",closed,false,,
openalex:W2074152418,10.1177/0146167286122006,The Role of Source Legitimacy in Sequential Request Strategies of Compliance,closed,false,,
openalex:W2325370491,10.1177/002224378602300206,Effectiveness of Multiple Request Strategies: A Synthesis of Research Results,closed,false,,
openalex:W2041548413,10.1037/0022-3514.51.2.277,Increasing compliance by improving the deal: The that's-not-all technique.,closed,false,,
openalex:W2004682544,10.1111/j.1559-1816.1985.tb00920.x,The Relative Effectiveness of Three Compliance Techniques in Eliciting Donations to a Cultural Organization,closed,false,,
openalex:W2334209553,10.1177/002224378302000306,Information Availability as a Determinant of Multiple Request Effectiveness,closed,false,,
openalex:W2109630906,10.1037/0022-3514.40.3.492,The low-ball compliance technique: Task or person commitment?,closed,false,,
openalex:W2321762935,10.1177/002224377901600417,More Evidence on Interpersonal Yielding,closed,false,,
openalex:W1986383820,10.1037//0022-3514.37.4.580,Blood donation and the foot-in-the-door technique: A limiting case.,closed,false,,
openalex:W1984028864,10.1037/0022-3514.36.5.463,Low-ball procedure for producing compliance: Commitment then cost.,closed,false,,
doi:10.2466/pr0.1977.41.3.924,10.2466/pr0.1977.41.3.924,Inducing Compliance via Door-in-the-Face and Legitimization of Paltry Contributions,closed,false,,
openalex:W2136650861,10.1037/h0076284,Reciprocal concessions procedure for inducing compliance: The door-in-the-face technique.,closed,false,,
openalex:W4253164165,10.1037/0022-3514.32.5.774,Effects of initial request size and timing of a second request on compliance: The foot in the door and the door in the f,closed,false,,
openalex:W1997940955,10.1037/h0076245,"To comply or not comply: Testing the self-perception explanation of the ""foot-in-the-door"" phenomenon.",closed,false,,
openalex:W2162380352,10.1037/h0023552,Compliance without pressure: The foot-in-the-door technique.,closed,false,,
arxiv:2602.00050v1,,AI in Debt Collection: Estimating the Psychological Impact on Consumers,no_doi,false,,
nct:NCT07570303,,4-Arm Randomised Controlled Trial Testing Nostalgia-Based Messages and Step-Monitoring to Promote Walking in Older Adult,no_doi,false,,
doi:10.1080/10410236.2026.2614321,10.1080/10410236.2026.2614321,"The Congruency Effects of Multiple Components of Persuasion: Target Framing, Gain-Loss Framing, and Regulatory Focus",closed,false,,
doi:10.63963/001c.154848,10.63963/001c.154848,"Gain vs. Loss Framing in Rational and Emotional Appeals: Effects on Consumer Attitudes, Reactance, and Brand Choice.",hybrid,true,https://marketingmanagementjournal.scholasticahq.com/article/154848.pdf,cc-by
doi:10.1080/10410236.2026.2656475,10.1080/10410236.2026.2656475,Promoting Continued Exercise with Visual Gain Framing: A Replicable Positive-Emotion Pathway and the Conditional Role of,closed,false,,
doi:10.1287/mnsc.2024.05720,10.1287/mnsc.2024.05720,The Consequences of Narrow Framing for Risk Taking: A Stress Test of Myopic Loss Aversion,green,true,https://repository.ubn.ru.nl/bitstream/handle/2066/320246/1/320246.pdf,
doi:10.7222/marketing.2026.008,10.7222/marketing.2026.008,Regulatory Fit and Regulatory Mode Fit in Marketing Research: マーケティング研究における制御適合，制御モード適合,gold,true,https://www.jstage.jst.go.jp/article/marketing/advpub/0/advpub_2026.008/_pdf,cc-by-nc-nd
openalex:W7127117548,10.3389/fpubh.2026.1718168,Psychological manipulation mechanisms of false fitness and supplement information and public health risks: from informat,gold,true,https://public-pages-files-2025.frontiersin.org/journals/public-health/articles/10.3389/fpubh.2026.1718168/pdf,cc-by
openalex:W7159751549,,Luottamus suunnittelun tuloksena: Tekoälyn ja ihmisen tuottamien suositusten vaikutus brändin maineeseen,no_doi,false,,
arxiv:2502.01349v4,,Bias Beware: The Impact of Cognitive Biases on LLM-Driven Product Recommendations,no_doi,false,,
doi:10.1002/nvsm.70005,10.1002/nvsm.70005,Is Concrete Framing More Effective in Enticing Donations? The Impacts of Donation Requests and Identified Beneficiary on,closed,false,,
doi:10.3390/jtaer20020130,10.3390/jtaer20020130,Concrete or Abstract? The Impact of Green Advertising Appeals and Information Framing on Consumer Responses,gold,true,https://www.mdpi.com/0718-1876/20/2/130/pdf?version=1748945020,cc-by
doi:10.1108/ijchm-09-2024-1415,10.1108/ijchm-09-2024-1415,Gain or loss? Unveiling the power of framing in chatbot identity disclosure,closed,false,,
openalex:W4414443144,10.56065/w2gmdv17,Susceptibility to authority figures in advertising with persuasive strategies – age differences in perception,gold,true,https://bi.ue-varna.bg/ojs/index.php/bmc/article/download/132/33,cc-by
openalex:W4410773135,10.1016/j.chbr.2025.100694,Suspicious minds: Psychological techniques correlated with online phishing attacks,gold,true,https://doi.org/10.1016/j.chbr.2025.100694,cc-by-nc-nd
openalex:W4414006090,10.31234/osf.io/v6rqb_v1,Enhancing Parental Compliance in School Fee Payment through Psychological Framing: A Pilot Evaluation of the Bakwana Com,gold,true,https://osf.io/v6rqb_v1/download,cc-by
openalex:W4408652447,10.1080/0144929x.2025.2477053,Designing AI to foster acceptance: do freedom to choose and social proof impact AI attitudes among British and Arab popu,hybrid,true,https://www.tandfonline.com/doi/pdf/10.1080/0144929X.2025.2477053?needAccess=true,cc-by
openalex:W4413819776,10.1016/j.jretconser.2025.104502,"Beyond persuasion Knowledge: Examining the roles of visual appeal, visual congruence, and social proof in influencer adv",hybrid,true,https://doi.org/10.1016/j.jretconser.2025.104502,cc-by-nc-nd
openalex:W4416449881,10.1016/j.actpsy.2025.105945,"Trust in AI vs. human doctors: The roles of subjective understanding, perceived epistemic authority and social proof",gold,true,https://doi.org/10.1016/j.actpsy.2025.105945,cc-by-nc
osf:7a3bg,,Social Proof in Coach Selection 2,no_doi,false,,
osf:96mun,,Social Proof in Coach Selection,no_doi,false,,
arxiv:2402.17838v1,10.1145/3613904.3642640,Personalizing Smart Home Privacy Protection With Individuals' Regulatory Focus: Would You Preserve or Enhance Your Infor,gold,true,https://dl.acm.org/doi/pdf/10.1145/3613904.3642640,
nct:NCT06126107,,Gain and Loss Framed Text Messaging to Reduce Drinking Among Older Adults,no_doi,false,,
doi:10.1080/21639159.2024.2322932,10.1080/21639159.2024.2322932,Utilizing gain and loss message framing for consumers: A Machiavellian perspective,closed,false,,
doi:10.61173/kj34hm38,10.61173/kj34hm38,Influential Factors of Consumer Preferences for Online Takeaway Ordering,bronze,true,https://www.deanfrancispress.com/index.php/fe/article/download/254/FE000332.pdf,
openalex:W4401871540,10.1016/j.jbusres.2024.114916,The role of psychological distance and construal level in explaining the effectiveness of human-like vs. cartoon-like vi,hybrid,true,https://doi.org/10.1016/j.jbusres.2024.114916,cc-by-nc
openalex:W4404146294,10.1080/01973533.2024.2425927,Guilt Cues Enhance the Door-on-the-Face Technique,closed,false,,
openalex:W4392747572,10.1016/j.chbah.2024.100061,(Un-)persuasive robots: Exploring the effect of anthropomorphic cues on the foot-in-the-door effect across three experim,gold,true,https://doi.org/10.1016/j.chbah.2024.100061,cc-by-nc-nd
openalex:W4396581741,10.1002/mar.22016,It is a match! The effect of regulatory fit on new products recommendations,hybrid,true,https://onlinelibrary.wiley.com/doi/pdfdirect/10.1002/mar.22016,cc-by-nc-nd
openalex:W4405411743,10.1016/j.jretconser.2024.104199,Beyond likes and comments: How social proof influences consumer impulse buying on short-form video platforms,closed,false,,
openalex:W4396519556,10.1080/08959420.2024.2347808,Cognitive Reflection and Social Proof: Navigating Complex Tax Incentives for Retirement Savings,closed,false,,
pmid:39422486,10.1080/10810730.2024.2399568,The Effects of Behaviorally Informed Messages on COVID-19 Vaccination Intentions and Behavior: Evidence from Randomized ,closed,false,,
doi:10.3389/fpsyg.2023.1166092,10.3389/fpsyg.2023.1166092,The effect of partitioned framing vs. all-inclusive framing of donation amount on prosocial behavior: focus on the moder,gold,true,https://www.frontiersin.org/articles/10.3389/fpsyg.2023.1166092/pdf,cc-by
openalex:W4382626775,10.1080/02650487.2023.2206689,When it pays to be clear: the appeal of concrete communication under uncertainty,hybrid,true,https://www.tandfonline.com/doi/pdf/10.1080/02650487.2023.2206689?needAccess=true&role=button,cc-by
openalex:W4389754672,10.1111/sjop.12997,Negative affect related to door‐in‐the‐face strategy,bronze,true,https://onlinelibrary.wiley.com/doi/pdfdirect/10.1111/sjop.12997,
openalex:W4387628486,10.1145/3617072.3617108,Analysing the Influence of Loss-Gain Framing on Data Disclosure Behaviour: A Study on the Use Case of App Permission Req,gold,true,https://dl.acm.org/doi/pdf/10.1145/3617072.3617108,cc-by
openalex:W4319968634,10.1016/j.meatsci.2023.109135,Loss framing effect on reducing excessive red and processed meat consumption: Evidence from Italy,hybrid,true,https://doi.org/10.1016/j.meatsci.2023.109135,cc-by
openalex:W4388931308,10.1108/bfj-08-2023-0676,Does social proof and herd behaviour drive food choices of consumers?,closed,false,,
openalex:W4386577551,10.30935/ojcmt/13655,Social proof is ineffective at spurring costly pro-environmental household investments,gold,true,https://www.ojcmt.net/download/social-proof-is-ineffective-at-spurring-costly-pro-environmental-household-investments-13655.pdf,cc-by
openalex:W4382939496,10.1002/cb.2208,The role of dark pattern stimuli and personality in online impulse shopping: An application of <scp>S‐O‐R</scp> theory,bronze,true,https://onlinelibrary.wiley.com/doi/pdfdirect/10.1002/cb.2208,
openalex:W4386744926,10.3390/info14090504,Using ChatGPT and Persuasive Technology for Personalized Recommendation Messages in Hotel Upselling,gold,true,https://www.mdpi.com/2078-2489/14/9/504/pdf?version=1694685661,cc-by
openalex:W4389202083,10.1177/00222429231220295,Adoption of New Technology Vaccines,closed,false,,
osf:n8cvw,,Foot-in-the-door auctions,no_doi,false,,
pmid:35768894,10.1111/aphw.12382,Applying persuasive messages to reduce public outdoor smoking: A pseudo-randomized controlled trial.,hybrid,true,https://onlinelibrary.wiley.com/doi/pdfdirect/10.1111/aphw.12382,cc-by
doi:10.30658/jicrcr.5.1.1,10.30658/jicrcr.5.1.1,“I lose” “I gain” vs. “They lose” “They gain”: The Influence of Message Framing on Donation Intentions in Disaster Fundr,gold,true,https://stars.library.ucf.edu/cgi/viewcontent.cgi?article=1193&context=jicrcr,
doi:10.20879/acr.2022.19.2.70,10.20879/acr.2022.19.2.70,The Effects of Gain-Loss Framing and Message Sidedness on GMO Acceptance: The Mediating Role of Psychological Reactance,closed,false,,
doi:10.20879/acr.2022.19.2.37,10.20879/acr.2022.19.2.37,The Effects of Gain-Loss Framing and Message Sidedness on GMO Acceptance: The Mediating Role of Psychological Reactance,closed,false,,
openalex:W4306929524,10.1108/itp-02-2022-0091,"Consumers' purchase intentions in social commerce: the role of social psychological distance, perceived value, and perce",hybrid,true,https://www.emerald.com/insight/content/doi/10.1108/ITP-02-2022-0091/full/pdf?title=consumers-purchase-intentions-in-social-commerce-the-role-of-social-psychological-distance-perceived-value-and-perceived-cognitive-effort,cc-by
openalex:W4220964809,10.1080/00224545.2022.2043815,When a refusal turns into donation: the moderating effect of the initial position toward blood donation in the door-in-t,closed,false,,
openalex:W4308318393,10.1016/j.dim.2022.100022,Gain-framed product descriptions are more appealing to elderly consumers in live streaming E-commerce: Implications from,gold,true,https://doi.org/10.1016/j.dim.2022.100022,cc-by-nc-nd
openalex:W4225419517,10.1080/10410236.2022.2067943,Gain-Loss Framing and Social Distancing: Temporal Framing’s Role as an Emotion Intensifier,closed,false,,
openalex:W4224988086,10.1177/19485506221086176,Preference for Consistency as a Moderator of the Low-Ball Technique,bronze,true,https://journals.sagepub.com/doi/pdf/10.1177/19485506221086176,
openalex:W4306776236,10.1002/mar.21736,Using representational and abstract imagery to create regulatory fit effects,hybrid,true,https://onlinelibrary.wiley.com/doi/pdfdirect/10.1002/mar.21736,cc-by-nc
openalex:W4284967436,10.1016/j.jretai.2022.06.003,Scarcity tactics in marketing: A meta-analysis of product scarcity effects on consumer purchase intentions,hybrid,true,https://doi.org/10.1016/j.jretai.2022.06.003,cc-by-nc-nd
openalex:W4285732286,10.1002/cb.2088,“Pulling back the curtain”: Company tours as a customer education tool and effects on pro‐brand behaviors,closed,false,,
pmid:35432133,10.3389/fpsyg.2022.859959,A Matching Study on the Influence of Advertised Information Expression and Product Type on Consumer Purchase Intention.,gold,true,https://www.frontiersin.org/articles/10.3389/fpsyg.2022.859959/pdf,cc-by
pmid:35211062,10.3389/fpsyg.2022.794135,An Experimental Study on Anchoring Effect of Consumers' Price Judgment Based on Consumers' Experiencing Scenes.,gold,true,https://www.frontiersin.org/articles/10.3389/fpsyg.2022.794135/pdf,cc-by
pmid:34145607,10.1111/bjso.12469,I'll scratch your back if you give me a compliment: Exploring psychological mechanisms underlying compliments' effects o,closed,false,,
nct:NCT05722106,,Improving Adherence to COVID-19 Prevention Behaviours: Test of Persuasive Messages,no_doi,false,,
doi:10.1093/ijpor/edab027,10.1093/ijpor/edab027,The Effect of Gain-versus-Loss Framing of Economic and Health Prospects of Different COVID-19 Interventions: An Experime,hybrid,true,https://academic.oup.com/ijpor/article-pdf/33/4/927/41722763/edab027.pdf,cc-by-nc
doi:10.5772/intechopen.95779,10.5772/intechopen.95779,Gain or Loss? The Effect of Ad Framing on the Intention to Control Sugar Intake,hybrid,true,https://www.intechopen.com/citation-pdf-url/74747,cc-by
doi:10.15830/kjm.2021.36.4.1,10.15830/kjm.2021.36.4.1,The Effect of Price Discount Framing on Purchase Intention: Loss Frame and Gain Frame,closed,false,,
openalex:W3197177449,,It’s selling like hotcakes: deconstructing social media influencer marketing in long-form video content on youtube via s,no_doi,false,,
openalex:W3210019465,10.1080/02650487.2021.1982529,AI-powered recommendations: the roles of perceived similarity and psychological distance on persuasion,closed,false,,
openalex:W3196173612,10.1080/13527266.2021.1969588,Should businesses take a stand? Effects of perceived psychological distance on consumers’ expectation and evaluation of ,closed,false,,
openalex:W3203501965,10.1002/smj.3341,A foot in the door: Field experiments on entrepreneurs' network activation strategies for investor referrals,closed,false,,
openalex:W3197923890,10.3390/ijerph18189485,Persuasive Effects of Message Framing and Narrative Format on Promoting COVID-19 Vaccination: A Study on Chinese College,gold,true,https://www.mdpi.com/1660-4601/18/18/9485/pdf?version=1631581252,cc-by
openalex:W3177334430,10.1080/00913367.2021.1925605,"Promoting Mask-Wearing in COVID-19 Brand Communications: Effects of Gain-Loss Frames, Self- or Other-Interest Appeals, a",closed,false,,
openalex:W3186118344,10.2196/27634,"Effects of Message Framing on Cancer Prevention and Detection Behaviors, Intentions, and Attitudes: Systematic Review an",gold,true,https://www.jmir.org/2021/9/e27634/PDF,cc-by
openalex:W3120023787,10.1080/15205436.2020.1870144,Prospect Theory in Times of a Pandemic: The Effects of Gain versus Loss Framing on Risky Choices and Emotional Responses,hybrid,true,https://www.tandfonline.com/doi/epdf/10.1080/15205436.2020.1870144?needAccess=true&role=button,cc-by-nc-nd
openalex:W3204242369,10.1177/10755470211048192,"Promoting COVID-19 Vaccination: The Interplay of Message Framing, Psychological Uncertainty, and Public Agency as a Mess",hybrid,true,https://journals.sagepub.com/doi/pdf/10.1177/10755470211048192,cc-by
openalex:W3168547784,10.1108/jcm-05-2020-3843,To forgive or retaliate? How regulatory fit affects emotional reactions and repurchase decisions following product failu,green,true,https://pure.bond.edu.au/ws/files/84609130/AM_To_Forgive_or_Retaliate.pdf,cc-by-nc
openalex:W3127913599,10.1108/jsm-06-2020-0236,Exploring regulatory fit between service relationships and appeals in co-production,green,true,https://hdl.handle.net/2164/16901,
openalex:W3217715030,10.1002/cb.2004,Outcome presence and regulatory fit: Competing explanations for the advantage of gains and losses over non‐gains and non,hybrid,true,https://onlinelibrary.wiley.com/doi/pdfdirect/10.1002/cb.2004,other-oa
openalex:W3174580865,10.1080/13527266.2021.1936126,Modeling the Factors affecting Online Purchase Intention: The Mediating Effect of Consumer’s Attitude towards User- Gene,closed,false,,
openalex:W3168784367,10.1016/j.erap.2021.100654,Does “chaining” always work towards compliance gaining? The case of the “but you are free” technique and social proof ap,closed,false,,
openalex:W3168289492,10.1177/00222437211025054,The Effect of Slow Motion Video on Consumer Inference,closed,false,,
openalex:W4312786803,10.1080/02650487.2021.1982530,"How do consumers choose to click ‘like’ on luxury ads in social media? Role of envy, number of likes, and culture",closed,false,,
nct:NCT04590066,,Testing Multiple Behavioral Science Strategies to Increase Flu-Shot Rates at a Large Retail Pharmacy,no_doi,false,,
openalex:W3211642163,,Where persuasion and culture meet : The cultural influence between Turkish and Dutch consumers in the effectiveness of p,no_doi,false,,
openalex:W3098068014,10.3390/su12229609,A Systematic Review of Experimental Studies Investigating the Effect of Cause-Related Marketing on Consumer Purchase Int,gold,true,https://www.mdpi.com/2071-1050/12/22/9609/pdf?version=1605697096,cc-by
openalex:W3110752310,10.1177/0022242920984492,They’re Just Not That into You: How to Leverage Existing Consumer–Brand Relationships Through Social Psychological Dista,closed,false,,
openalex:W3118755422,10.25215/0804.156,Assessing the effectiveness of foot-in-the-door technique of compliance in Indian context,not_in_unpaywall,false,,
openalex:W3021982888,10.1111/risa.13502,Incorporating Message Framing into Narrative Persuasion to Curb E‐Cigarette Use Among College Students,closed,false,,
openalex:W3001409148,10.1177/1096348019899150,Traveling to a Gendered Destination: A Goal-Framed Advertising Perspective,closed,false,,
openalex:W3095909294,10.1037/cbs0000245,Nudging to increase hand hygiene during the COVID-19 pandemic: A field experiment.,green,true,https://pure.eur.nl/en/publications/5d7c6bfe-4843-4143-ad1d-7df2b535b34c,other-oa
openalex:W2998673769,10.3386/w26619,The Negative Consequences of Loss-Framed Performance Incentives,green,true,https://doi.org/10.3386/w26619,
openalex:W3092508781,10.1109/access.2020.3029112,Gain-Loss Framing: Comparing the Push Notification Message to Increase Purchase Intention in e-Marketplace Mobile Applic,gold,true,https://doi.org/10.1109/access.2020.3029112,cc-by
openalex:W3004024508,10.1080/10410236.2020.1723048,Framing as a Concept for Health Communication: A Systematic Review,closed,false,,
openalex:W4236348390,10.1257/rct.5362,The Negative Consequences of Loss-Framed Performance Incentives,closed,false,,
openalex:W3003633671,10.1108/ejm-04-2018-0285,The use of product scarcity in marketing,green,true,https://hdl.handle.net/2164/13671,
openalex:W3040254621,10.1016/j.jretconser.2020.102174,Persuasive location-based messaging to increase store visits: An exploratory study of fashion shoppers,hybrid,true,https://doi.org/10.1016/j.jretconser.2020.102174,cc-by
openalex:W3084752078,10.1007/s11002-020-09540-w,Effects of negative social information on the willingness to support charities: the moderating role of regulatory focus,hybrid,true,https://link.springer.com/content/pdf/10.1007/s11002-020-09540-w.pdf,cc-by
pmid:32903292,10.3389/fpsyg.2020.02022,"Influence of the Framing Effect, Anchoring Effect, and Knowledge on Consumers' Attitude and Purchase Intention of Organi",gold,true,https://www.frontiersin.org/articles/10.3389/fpsyg.2020.02022/pdf,cc-by
pmid:30526080,10.1080/10410236.2018.1553022,The Interplay between Framing and Regulatory Focus in Processing Narratives about HPV Vaccination in Singapore.,closed,false,,
doi:10.24989/medienjournal.v43i2.1709,10.24989/medienjournal.v43i2.1709,Framing-Effekte in der Gesundheitskommunikation. Ein systematischer Forschungsüberblick und eine Inhaltsanalyse der Stud,green,true,https://netlibrary.aau.at/medienjournal/content/titleinfo/9048849/full.pdf,
doi:10.1177/0190272519855954,10.1177/0190272519855954,Does (Dis)Similarity Information about a New Acquaintance Lead to Liking or Repulsion? An Experimental Test of a Classic,closed,false,,
doi:10.1177/0265407518790411,10.1177/0265407518790411,You’re like me and I like you: Mediators of the similarity–liking link assessed before and after a getting-acquainted so,closed,false,,
doi:10.14377/kja.2019.4.15.81,10.14377/kja.2019.4.15.81,Etiquette for the Sharing Economy : The Role of Regulatory Construal Fit,closed,false,,
openalex:W2950156209,10.17615/p1jd-2m87,"Effects of Source of Customized Recommendations, Type of Product, and Amount of Choice on Consumers' Attitudes",not_in_unpaywall,false,,
openalex:W2917978880,10.3389/fpsyg.2019.00230,Climate Change From a Distance: An Analysis of Construal Level and Psychological Distance From Climate Change,gold,true,https://www.frontiersin.org/articles/10.3389/fpsyg.2019.00230/pdf,cc-by
openalex:W2982174257,10.1177/0047287519880000,"The Interplay of Travelers’ Psychological Distance, Language Abstraction, and Message Appeal Type in Social Media Advert",closed,false,,
openalex:W2944321252,10.1080/02650487.2019.1607649,Text versus pictures in advertising: effects of psychological distance and product type,closed,false,,
openalex:W2916363439,10.1108/jpbm-08-2018-2004,The impact of envy on brand preference: brand storytelling and psychological distance as moderators,closed,false,,
openalex:W2969837400,10.1080/01973533.2019.1648265,A Dual Process Theory Explanation for Door-in-the-Face Effectiveness,closed,false,,
openalex:W2963073463,10.1371/journal.pone.0220320,Economic losses or environmental gains? Framing effects on public support for environmental management,gold,true,https://journals.plos.org/plosone/article/file?id=10.1371/journal.pone.0220320&type=printable,cc-by
openalex:W2921699791,10.3389/fpsyg.2019.00431,Gain-Framed Messaging for Promoting Adult Sport: Examining the Effects of Efficacy-Enhancing Information,gold,true,https://www.frontiersin.org/articles/10.3389/fpsyg.2019.00431/pdf,cc-by
openalex:W2913053797,10.3390/su11030865,A Study of Consumers’ Intentions to Participate in Responsible Tourism Using Message Framing and Appeals,gold,true,https://www.mdpi.com/2071-1050/11/3/865/pdf?version=1550471379,cc-by
openalex:W2946780478,10.1016/j.foodpol.2019.05.009,Consumer willingness to pay for food safety interventions: The role of message framing and issue involvement,closed,false,,
openalex:W2911880351,10.1080/10410236.2019.1567440,"When a Personal HPV Story on a Blog Influences Perceived Social Norms: The Roles of Personal Experience, Framing, Percei",closed,false,,
openalex:W2956612830,10.1177/0093650219861256,Can Emotions Capture the Elusive Gain-Loss Framing Effect? A Meta-Analysis,closed,false,,
openalex:W2942839563,10.1017/xps.2018.28,Loss-Framed Arguments Can Stifle Political Activism,closed,false,,
openalex:W2982332402,10.1002/mar.21276,Digital buying behavior: The role of regulatory fit and self‐construal in online luxury goods purchase intentions,green,true,https://research.brighton.ac.uk/en/publications/9461207f-7c37-4030-b43b-6ccae4fe7a3b,other-oa
openalex:W2947000135,10.1108/apjml-10-2018-0434,Fit or not? Bringing regulatory fit into the frame on health food preferences,closed,false,,
openalex:W2922510754,10.1109/saner.2019.8667974,Please Help! A Preliminary Study on the Effect of Social Proof and Legitimization of Paltry Contributions in Donations t,closed,false,,
openalex:W2888753710,10.1177/0047287518793037,"The Influence of Pricing Strategies on Willingness to Pay for Accommodations: Anchoring, Framing, and Metric Compatibili",closed,false,,
openalex:W2885111638,,Gender Differences in Selective Attention and Shopping Intention in the case of Taobao Live-show: An Eye-Tracking Study,no_doi,false,,
openalex:W2794527980,10.1037/xap0000162,Self-persuasion in media messages: Reducing alcohol consumption among students with open-ended questions.,closed,false,,
openalex:W2915008833,10.1017/s1930297500008731,How far is the suffering? The role of psychological distance and victims’ identifiability in donation decisions,gold,true,https://www.cambridge.org/core/services/aop-cambridge-core/content/view/72B0864A38305451E3F80CCE68D8BF72/S1930297500008731a.pdf/div-class-title-how-far-is-the-suffering-the-role-of-psychological-distance-and-victims-identifiability-in-donation-decisions-div.pdf,cc-by
openalex:W2799548047,10.1080/00913367.2018.1452654,The Impact of Psychological Distance and Construal Level on Consumers' Responses to Taboos in Advertising,closed,false,,
openalex:W2788022547,10.1108/ijcma-05-2017-0043,Think twice before using door-in-the-face tactics in repeated negotiation,closed,false,,
openalex:W2794885887,10.1080/10810730.2018.1455770,"The Importance of ‘Likes’: The Interplay of Message Framing, Source, and Social Endorsement on Credibility Perceptions o",closed,false,,
openalex:W2884107945,10.1080/10410236.2018.1499702,"Positive Facts, Negative Stories: Message Framing as a Moderator of Narrative Persuasion in Antismoking Communication",closed,false,,
openalex:W2789948266,10.1080/00913367.2017.1408507,"Saving Behavior Messaging: Gain/Loss Framing, Self/Family Orientations, and Individual Differences in Collectivism",closed,false,,
openalex:W2896854005,10.1080/10810730.2018.1527878,Effects of Gain- and Loss-Framed Quit Messages on Smokers: Test of the Ability to Process the Health Message as a Modera,closed,false,,
openalex:W2782561871,10.1509/jm.16.0346,Unpacking the Relationship between Sales Control and Salesperson Performance: A Regulatory Fit Perspective,closed,false,,
openalex:W2791618321,10.1017/prp.2017.12,Taking Advice for Vocational Decisions: Regulatory Fit Effects,gold,true,https://www.cambridge.org/core/services/aop-cambridge-core/content/view/7F6B6303CB01F91CEBF424B69A113235/S1834490917000125a.pdf/div-class-title-taking-advice-for-vocational-decisions-regulatory-fit-effects-div.pdf,cc-by
openalex:W2891953272,10.1007/s11747-018-0604-7,The effects of scarcity on consumer decision journeys,closed,false,,
openalex:W2529428667,10.1002/jcpy.1035,A Self‐Regulatory Model of Resource Scarcity,closed,false,,
openalex:W2789521142,10.1080/00913367.2017.1405752,Narrative Transportation and Paratextual Features of Social Media in Viral Advertising,closed,false,,
openalex:W2797271559,10.1080/0144929x.2018.1458903,‘You talking to me?’ The influence of peer communication on adolescents’ persuasion knowledge and attitude towards socia,closed,false,,
doi:10.1037/xge0000311.supp,10.1037/xge0000311.supp,Supplemental Material for When Good Is Stickier Than Bad: Understanding Gain/Loss Asymmetries in Sequential Framing Effe,closed,false,,
doi:10.5406/amerjpsyc.130.3.0353,10.5406/amerjpsyc.130.3.0353,The Appraisal Similarity Effect: How Social Appraisals Influence Liking,closed,false,,
doi:10.1016/j.jesp.2016.11.001,10.1016/j.jesp.2016.11.001,How and why precise anchors distinctly affect anchor recipients and senders,closed,false,,
openalex:W2761077027,10.1515/ppb-2017-0046,The mechanism of non-numerical anchoring heuristic based on magnitude priming: is it just the basic anchoring effect in ,gold,true,http://journals.pan.pl/Content/105274/PDF/10_other.pdf,
openalex:W2753048041,,Mobility-as-a-Service: Exploring Consumer Preferences for MaaS Subscription Packages Using a Stated Choice Experiment,no_doi,false,,
openalex:W2725636709,10.7366/1896180020174003,"Związek pomiędzy wiekiem, preferencją spójności i skutecznością techniki wpływu społecznego „stopa w drzwiach”",not_in_unpaywall,false,,
openalex:W2614813011,10.1093/jcr/ucx070,So Close I Can Almost Sense It: The Interplay between Sensory Imagery and Psychological Distance,closed,false,,
openalex:W2766653602,10.1080/10410236.2017.1384353,"Effects of Message Framing on Influenza Vaccination: Understanding the Role of Risk Disclosure, Perceived Vaccine Effica",closed,false,,
openalex:W2575191327,10.1080/10864415.2016.1234290,The Effect of Rating Scale Design on Extreme Response Tendency in Consumer Product Ratings,green,true,https://pure.eur.nl/files/210333278/The_Effect_of_Rating_Scale_Design_on_Extreme_Response_Tendency_in_Consumer_Product_Ratings.pdf,other-oa
openalex:W2620650653,10.1080/10810730.2017.1324538,Matching Message Design and Depressed Cognition: An Exploration of Attention Patterns for Gain- and Loss-Framed Depressi,closed,false,,
openalex:W2588298129,10.1051/shsconf/20173402005,Social proof in social media shopping: An experimental design research,gold,true,https://www.shs-conferences.org/articles/shsconf/pdf/2017/02/shsconf_four2017_02005.pdf,cc-by
openalex:W3121425431,10.1287/mnsc.2017.2833,Complementarity of Signals in Early-Stage Equity Investment Decisions: Evidence from a Randomized Field Experiment,closed,false,,
openalex:W2604026946,,Does social proof and scarcity work for opera lovers? A study into the effectiveness of online persuasion cues on consum,no_doi,false,,
openalex:W2749228840,10.1080/0267257x.2017.1364285,"Deterring deviant consumer behaviour: when ‘it’s wrong, don’t do it’ doesn’t work",green,true,https://eprints.qut.edu.au/110376/2/110376.pdf,
openalex:W2742083535,10.1007/s12208-017-0187-x,How proof of previous donations influences compliance with a donation request: three field experiments,closed,false,,
openalex:W2603558968,10.1093/acrefore/9780190236557.013.249,Compliance and Social Psychology,closed,false,,
openalex:W2522821546,10.5539/ijms.v8n5p114,Factors Affecting the Effectiveness of Cause-Related Marketing Campaign: Moderating Effect of Sponsor-Cause Congruence,hybrid,true,http://www.ccsenet.org/journal/index.php/ijms/article/download/62092/33923,cc-by
openalex:W2345138829,10.1016/j.jcps.2016.03.001,Effects of multiple psychological distances on construal and consumer evaluation: A field study of online reviews,closed,false,,
openalex:W2481418503,10.1080/01463373.2016.1187186,Is the Door-in-the-Face a Concession?,closed,false,,
openalex:W2469557420,10.1177/0033294116657064,Door-in-the-Face and But-You-Are-Free,closed,false,,
openalex:W2347102421,10.1080/10410236.2015.1099506,Utilizing Audiovisual and Gain-Framed Messages to Attenuate Psychological Reactance Toward Weight Management Health Mess,closed,false,,
openalex:W2527643253,10.1080/1612197x.2016.1216003,"Sport gain-framed messages, possible selves, and their effects on adults’ interest, intentions, and decision to register",closed,false,,
openalex:W2339289812,10.1080/10410236.2015.1040983,Evaluating the Persuasiveness of an HIV Mass Communication Campaign Using Gain-Framed Messages and Aimed at Creating a S,green,true,http://hdl.handle.net/11585/544666,cc-by-nc
openalex:W2485586177,10.1080/10810730.2016.1179366,"Temporal Consequences, Message Framing, and Consideration of Future Consequences: Persuasion Effects on Adult Fruit Inta",hybrid,true,https://www.tandfonline.com/doi/pdf/10.1080/10810730.2016.1179366?needAccess=true,cc-by
openalex:W2322557271,10.1080/0267257x.2016.1145723,The effects of regulatory fit on customer brand engagement: an experimental study of service brand activities in social ,closed,false,,
openalex:W2337652019,10.1111/apps.12070,The Regulatory Fit of Serial Entrepreneurship Intentions,closed,false,,
openalex:W2333813606,10.1590/s0034-759020160203,VISUAL ART AND REGULATORY FIT MESSAGES ON CONSUMER EVALUATIONS,gold,true,http://www.scielo.br/pdf/rae/v56n2/0034-7590-rae-56-02-0152.pdf,cc-by-nc
openalex:W2331163859,10.15195/v3.a12,Why is the Pack Persuasive? The Effect of Choice Status on Perceptions of Quality,gold,true,https://sociologicalscience.com/download/vol-3/april/SocSci_v3_239to263.pdf,cc-by
pmid:26666836,10.1080/00224545.2015.1129304,Promising reciprocity: When proposing a favor for a request increases compliance even if the favor is not accepted.,closed,false,,
openalex:W1849737682,10.1080/10410236.2014.981663,Motivating contributions to online forums: can locus of control moderate the effects of interface cues?,green,true,https://doi.org/10.13016/m2peu5-afld,
openalex:W2230316601,10.1027/1864-9335/a000252,When Death Is Compelling,closed,false,,
openalex:W1990183305,10.1024/1421-0185/a000155,Foot-in-the-Door Technique and Problematic Implicit Request for Help,closed,false,,
openalex:W2193187440,10.1080/10410236.2015.1005280,"Message Framing, Perceived Susceptibility, and Intentions to Vaccinate Children Against HPV Among African American Paren",closed,false,,
openalex:W1917390965,10.1002/nvsm.1536,Framing charitable appeals: the effect of message framing and perceived susceptibility to the negative consequences of i,closed,false,,
openalex:W1953291179,10.1080/10810730.2015.1033113,Sensation Seeking as a Moderator of Gain- and Loss-Framed HIV-Test Promotion Message Effects,closed,false,,
openalex:W1571120918,10.1080/07359683.2015.1033936,The Moderating Role of Mood and Personal Relevance on Persuasive Effects of Gain- and Loss-Framed Health Messages,closed,false,,
openalex:W2073250096,10.1080/08824096.2015.1016152,Boosting Inoculation's Message Potency: Loss Framing,closed,false,,
openalex:W1973736438,10.1080/10641734.2014.912600,The Effects of Gain Versus Loss Message Framing and Point of Reference on Consumer Responses to Green Advertising,closed,false,,
openalex:W1974509539,10.1016/j.jcps.2015.01.004,Stylistic properties and regulatory fit: Examining the role of self‐regulatory focus in the effectiveness of an actor's ,closed,false,,
openalex:W2101053228,10.1108/jcm-01-2015-1292,How products induce regulatory fit: evidence from the health domain,closed,false,,
openalex:W2130478903,10.1177/0956797614563958,Scarcity Frames Value,closed,false,,
openalex:W3123291811,10.1093/jcr/ucv048,On the Psychology of Scarcity: When Reminders of Resource Scarcity Promote Selfish (and Generous) Behavior,closed,false,,
openalex:W2224061564,10.1093/jcr/ucv051,Creating When You Have Less: The Impact of Resource Scarcity on Product Use Creativity,closed,false,,
openalex:W2119481060,,Designing Viral Promotional Campaigns: How Scarcity and Social Proof Affect Online Referrals,no_doi,false,,
openalex:W2223289735,10.1177/2051570715604155,Malicious practice of fake reviews: Experimental insight into the potential of contextual indicators in assisting consum,closed,false,,
openalex:W1566060176,10.1109/apmediacast.2015.7210269,Persuasive impact of online media: investigating the influence of visual persuasion,closed,false,,
pmid:25603375,10.1037/pspi0000016,Tandem anchoring: informational and politeness effects of range offers in social exchange.,closed,false,,
doi:10.1037/e512142015-183,10.1037/e512142015-183,Loss frames are cognitively stickier than gain frames: Examining the asymmetric sequential effects of gain and loss fram,closed,false,,
openalex:W2111233167,10.1037/bul0000005,The effects of psychological distance on abstraction: Two meta-analyses.,green,true,https://escholarship.org/uc/item/69t3s3q0,cc-by-nc-nd
openalex:W2023236454,10.1080/00223980.2013.817963,Door-in-the-Face Technique and Delay to Fulfill the Final Request: An Evaluation With a Request to Give Blood,closed,false,,
openalex:W2017922201,10.1080/10413200.2014.961618,Examining the Effects of Gain-Framed Messages on the Activation and Elaboration of Possible Sport Selves in Middle-Aged ,closed,false,,
openalex:W2078245103,10.1080/10410236.2013.841531,"Effectiveness of Cigarette Warning Labels: Examining the Impact of Graphics, Message Framing, and Temporal Framing",closed,false,,
openalex:W1703268709,10.1111/jcom.12134,"Prospect Theory, Discrete Emotions, and Freedom Threats: An Extension of Psychological Reactance Theory",closed,false,,
openalex:W2157595586,10.1509/jmr.13.0432,Contingent Match Incentives Increase Donations,green,true,http://nrs.harvard.edu/urn-3:HUL.InstRepos:12557293,cc-by
openalex:W2997998514,,The Persuasive Role of Explanations in Recommender Systems.,no_doi,false,,
doi:10.4018/ijicst.2013010102,10.4018/ijicst.2013010102,Social Influence Online,closed,false,,
openalex:W3046666405,10.20429/amtp.2013.23,Good Media Mix Strategies for Bad Times: Sequencing Optimizes,gold,true,https://digitalcommons.georgiasouthern.edu/cgi/viewcontent.cgi?article=1016&context=amtp-proceedings_2013,
openalex:W2066286850,10.1509/jm.11.0423,Growing Existing Customers’ Revenue Streams through Customer Referral Programs,closed,false,,
openalex:W2170851528,10.2224/sbp.2013.41.2.199,Repeating “Yes” in a First Request and Compliance with a Later Request: the Four Walls Technique,gold,true,https://doi.org/10.2224/sbp.2013.41.2.199,
openalex:W2091277221,10.1086/674212,The Distinct Affective Consequences of Psychological Distance and Construal Level,green,true,http://hdl.handle.net/10651/26833,cc-by-nc-nd
openalex:W2153027821,10.1177/1948550613506719,Why the Door-in-the-Face Technique Can Sometimes Backfire,closed,false,,
openalex:W2128053560,10.2466/17.07.pr0.113x25z7,Door-in-the-Face: Is it Really Necessary That Both Requests Be Made by the Same Requester?,closed,false,,
openalex:W2291627265,10.2478/v10167-010-0073-6,Uodparnianie na wpływ społeczny: wzmocniona autoafirmacja jako czynnik zmniejszający efektywność techniki „drzwi zatrzaś,not_in_unpaywall,false,,
openalex:W1826577087,10.1111/j.1559-1816.2012.01000.x,"Double foot‐in‐the‐door, social representations, and environment: application for energy savings",closed,false,,
openalex:W2020028463,10.1080/08824096.2012.746223,The Effect of the Foot-in-the-Door Technique on Sales in a Computer-Mediated Field Setting,closed,false,,
openalex:W313745968,,Prospecting by Telephone Prenotification: An Application of the Foot-In-The-Door Technique,no_doi,false,,
openalex:W2314647400,10.1037/a0032310,Sticky prospects: Loss frames are cognitively stickier than gain frames.,green,true,https://escholarship.org/uc/item/1nv0w8n0,cc-by-nc-nd
openalex:W2051843583,10.1080/10810730.2013.798376,The Unintended Target: Assessing Nonsmokers' Reactions to Gain- and Loss-Framed Antismoking Public Service Announcements,closed,false,,
openalex:W1971705041,10.1080/10410236.2013.807903,The Impacts of Vicarious Illness Experience on Response to Gain- Versus Loss-Framed Breast Cancer Screening (BCS) Messag,closed,false,,
openalex:W2101287419,10.1016/j.jcps.2013.11.004,Regulatory fit: A meta‐analytic synthesis,closed,false,,
openalex:W2042641336,10.1016/j.indmarman.2013.07.005,Take it or leave it: Using regulatory fit theory to understand reward redemption in channel reward programs,green,true,https://dspace.lboro.ac.uk/2134/17123,cc-by-nc-nd
openalex:W2095988438,10.1177/0956797612451471,"When the Economy Falters, Do People Spend or Save? Responses to Resource Scarcity Depend on Childhood Environments",closed,false,,
openalex:W2496520395,10.1037/a0031785,Health on impulse: When low self-control promotes healthy food choices.,green,true,https://research.rug.nl/en/publications/4416f69e-144b-4faa-b716-42ec114aa699,other-oa
openalex:W2144666004,10.1509/jm.12.0021,How Images of Other Consumers Influence Subsequent Taste Perceptions,closed,false,,
doi:10.1016/j.obhdp.2011.11.005,10.1016/j.obhdp.2011.11.005,Myopic loss aversion: Demystifying the key factors influencing decision problem framing,closed,false,,
doi:10.1002/mar.20559,10.1002/mar.20559,The Impact of Attribute Importance in the Effects of Option Framing on Choice: Budget Range and Justification as Moderat,closed,false,,
openalex:W2096964543,10.1002/ejsp.1921,Knowledge matters: Anchoring effects are moderated by knowledge level,green,true,http://libres.uncg.edu/ir/asu/f/Smith_Andrew_2013_Knowledge Matters.pdf,
openalex:W2035321912,10.1080/10410236.2012.700391,To Tweet or to Retweet? That Is the Question for Health Professionals on Twitter,closed,false,,
openalex:W2133098917,10.1080/14733145.2012.687387,Reflective listening and open‐ended questions in counselling: Preferences moderated by social skills and cognitive abili,closed,false,,
openalex:W3124122148,10.1086/665047,Choosing Here and Now versus There and Later: The Moderating Role of Psychological Distance on Assortment Size Preferenc,closed,false,,
openalex:W1968891623,10.1080/03637751.2012.697631,The Door-in-the-Face Persuasive Message Strategy: A Meta-Analysis of the First 35 Years,closed,false,,
openalex:W1984084923,10.1080/15534510.2012.696038,Foot-in-the-door and problematic requests: A field experiment,bronze,true,https://www.tandfonline.com/doi/pdf/10.1080/15534510.2012.696038?needAccess=true,
openalex:W1977151984,10.2224/sbp.2012.40.3.369,"The Sweet Smell of the Requester: Vanilla, Camphor, and Foot-in-the-Door",gold,true,https://doi.org/10.2224/sbp.2012.40.3.369,
openalex:W2063004372,10.1080/10810730.2012.665420,How Do Perceptions About Cessation Outcomes Moderate the Effectiveness of a Gain-Framed Smoking Cessation Telephone Coun,green,true,https://www.ncbi.nlm.nih.gov/pmc/articles/3644974,
openalex:W2156272028,10.1080/10410236.2011.619252,The Effects of Message Framing Within the Stages of Change on Smoking Cessation Intentions and Behaviors,closed,false,,
openalex:W2159606615,10.1111/j.1525-1446.2012.01038.x,Message Framing and Parents' Intentions to have their Children Vaccinated Against <scp>HPV</scp>,closed,false,,
openalex:W2009820538,10.1287/mnsc.1120.1609,Engineering Trust: Reciprocity in the Production of Reputation Information,closed,false,,
openalex:W2056941195,10.1080/07359683.2012.732847,The Effects of Message Framing and Risk Perceptions for HPV Vaccine Campaigns: Focus on the Role of Regulatory Fit,closed,false,,
nct:NCT01377857,,HIV Screening Take-up: Evaluating Incentives and Opt-out Strategies,no_doi,false,,
openalex:W2003610581,10.1080/13527266.2011.551833,Interdependent self-construal in collectivist cultures: Effects on compliance in a cause-related marketing context,closed,false,,
openalex:W2144479840,10.1086/659874,Psychological Distance and the Dual Role of Price,closed,false,,
openalex:W2161858829,10.1016/j.jesp.2011.02.015,The pantomime of persuasion: Fit between nonverbal communication and influence strategies,bronze,true,https://www.sciencedirect.com/science/article/pii/S0022103111000436,
openalex:W1793465669,10.1111/j.1559-1816.2011.00758.x,A Rock or a Hard Place: The Foot-in-the-Face Technique for Inducing Compliance Without Pressure1,bronze,true,https://onlinelibrary.wiley.com/doi/pdfdirect/10.1111/j.1559-1816.2011.00758.x,
openalex:W1593578030,10.1111/j.1464-0597.2011.00477.x,The Nature of the First Small Request as a Decisive Factor in the Effectiveness of the Foot‐in‐the‐Door Technique,closed,false,,
openalex:W2325578273,10.1509/jmkr.48.3.472,It's the Mind-Set that Matters: The Role of Construal Level and Message Framing in Influencing Consumer Efficacy and Con,closed,false,,
openalex:W2071143270,10.1080/08870441003611544,"Increasing calcium intake in young women through gain-framed, targeted messages: A randomised controlled trial",closed,false,,
openalex:W2102853690,10.1037/a0024702,Perceived risk as a moderator of the effectiveness of framed HIV-test promotion messages among women: A randomized contr,closed,false,,
openalex:W2045465970,10.1111/j.1468-2958.2011.01419.x,Relative Persuasiveness of Gain- Versus Loss-Framed Human Papillomavirus Vaccination Messages for the Present- and Futur,closed,false,,
openalex:W2137615033,10.1177/0093650211427557,The Effects of Gender and Gain Versus Loss Frame on Processing Breast Cancer Screening Messages,closed,false,,
openalex:W2074229899,10.1080/10410236.2011.569002,Gain Versus Loss Framing in Adherence-Promoting Communication Targeting Patients With Chronic Diseases: The Moderating E,closed,false,,
openalex:W2371572286,,The Coincidence between the Regulatory Fit Effects Based on Chronic Regulatory Focus and Situational Regulatory Focus,no_doi,false,,
openalex:W2794157377,10.2753/joa0091-3367400302,Scarcity Messages,closed,false,,
openalex:W2089334554,10.1080/1041794x.2010.502285,Exploring the “That's-Not-All” Effect: A Test of Theoretical Explanations,closed,false,,
nct:NCT01087164,,Brief Interventions to Increase HPV Vaccine Acceptance in School-based Health Centers in Adolescents,no_doi,false,,
doi:10.1177/1948550610368315,10.1177/1948550610368315,Interpersonal Liking From Bivariate Attitude Similarity,closed,false,,
doi:10.1086/605591,10.1086/605591,Value from Regulatory Construal Fit: The Persuasive Impact of Fit between Consumer Goals and Message Concreteness,closed,false,,
openalex:W2284731459,,Creating More Credible and Likable Travel Recommender Systems: The Influence of Virtual Agents on Travel Recommender Sys,no_doi,false,,
openalex:W2146450727,10.1016/j.jesp.2010.05.001,Psychological distance boosts value-behavior correspondence in ultimatum bargaining and integrative negotiation,green,true,https://hal.science/hal-00851025,other-oa
openalex:W2035960644,10.1037/a0017879,"Now you see it, now you don't: Interests, issues, and psychological distance in integrative negotiation.",closed,false,,
openalex:W2075270786,10.1080/15534510.2010.517282,Do people use reverse psychology? An exploration of strategic self-anticonformity,closed,false,,
openalex:W2143142966,10.1089/eco.2009.0051,The Combined Effect of the Foot-in-the-Door Technique and the “But You Are Free” Technique: An Evaluation on the Selecti,closed,false,,
openalex:W2184616244,,POSITIONING AND THE 'FOOT-IN-THE-DOOR' SOCIAL INFLUENCE TECHNIQUE,no_doi,false,,
openalex:W2137935948,10.1186/1479-5868-7-36,A systematic review of three approaches for constructing physical activity messages: What messages work and what improve,gold,true,https://ijbnpa.biomedcentral.com/counter/pdf/10.1186/1479-5868-7-36,cc-by
openalex:W2086054764,10.1080/10810730.2010.529490,Narrative and Framing: A Test of an Integrated Message Strategy in the Exercise Context,closed,false,,
openalex:W2133608509,10.1111/j.1468-2958.2010.01385.x,Influence of Self-Affirmation on Responses to Gain- Versus Loss-Framed Antismoking Messages,closed,false,,
openalex:W2145907678,10.1080/13527260903342696,The influence of regulatory fit on evaluation and intentions to buy genetically modified foods: The mediating role of so,closed,false,,
openalex:W2083621961,10.1016/j.jcps.2010.05.001,The role of regulatory fit on the attraction effect,closed,false,,
openalex:W2055291571,10.1089/cyber.2009.0292,The Influence of Regulatory Fit and Interactivity on Brand Satisfaction and Trust in E-Health Marketing Inside 3D Virtua,closed,false,,
openalex:W1982869473,10.2753/joa0091-3367390102,"The Impact of Regulatory Focus, Temporal Orientation, and Fit on Consumer Responses to Health-Related Advertising",closed,false,,
openalex:W1991923314,10.5805/ksci.2010.12.6.755,A Study on Persuasion Effects of Online Cosmetic Advertising -Focused on Types of Social Proof Message and Product-,bronze,true,http://koreascience.or.kr:80/article/JAKO201021734882566.pdf,
openalex:W2154768827,10.1111/j.1365-2753.2008.00959.x,Willingness to pay for a hearing aid: comparing the payment scale and open‐ended question,closed,false,,
openalex:W2088042112,10.1080/10510970902955976,Dump-and-Chase: The Effectiveness of Persistence as a Sequential Request Compliance-Gaining Strategy,bronze,true,https://www.tandfonline.com/doi/pdf/10.1080/10510970902955976?needAccess=true,
openalex:W2038077452,10.1080/10410230902804067,Young Adults' Responses to News About Sunscreen and Skin Cancer: The Role of Framing and Social Comparison,closed,false,,
openalex:W2110336690,10.1177/0146167209339076,Incidental Experiences of Regulatory Fit and the Processing of Persuasive Appeals,closed,false,,
openalex:W1983096230,10.1007/s11747-009-0165-x,Service firms and customer loyalty programs: a regulatory fit perspective of reward preferences in a health club setting,closed,false,,
openalex:W1993888958,10.1016/j.jcps.2009.03.002,Regulatory fit from attribute‐based versus alternative‐based processing in decision making,closed,false,,
doi:10.2466/pr0.103.6.529-534,10.2466/pr0.103.6.529-534,FOOT-IN-THE-DOOR TECHNIQUE USING A COURTSHIP REQUEST: A FIELD EXPERIMENT,closed,false,,
doi:10.1002/mar.20217,10.1002/mar.20217,Consumer choices under product option framing: Loss aversion principles or sensitivity to price differentials?,closed,false,,
openalex:W1983312969,10.1086/592131,Effects of Temporal and Social Distance on Consumer Evaluations: Table 1,closed,false,,
openalex:W2092062310,10.1080/09593960701778226,Applying the door-in-the-face compliance technique to retailing,closed,false,,
openalex:W207458773,10.4992/jjpsy.79.232,The door-in-the-face technique after eating: A field experiment on the self-regulatory function of affect as a resource,bronze,true,https://www.jstage.jst.go.jp/article/jjpsy/79/3/79_3_232/_pdf,
openalex:W2154720372,10.1086/593291,Acts of Benevolence: A Limited-Resource Account of Compliance with Charitable Requests,green,true,https://research.tilburguniversity.edu/en/publications/b9c01cb6-6d86-4db0-a700-2c16c47ab47b,other-oa
openalex:W20558449,,An Application of the Foot-in-the-Door Strategy in the Environmental Field,no_doi,false,,
openalex:W2022909214,10.1016/j.jesp.2008.02.007,Effects of message framing and temporal context on college student drinking behavior,closed,false,,
openalex:W1987366883,10.1002/ejsp.570,“This story is right on”: The impact of regulatory fit on narrative engagement and persuasion,closed,false,,
openalex:W2134960354,10.1111/j.1467-9280.2008.02102.x,Making Message Recipients “Feel Right”,closed,false,,
pmid:18729705,10.1037/a0012612,"Negotiators who give too much: unmitigated communion, relational anxieties, and economic costs in distributive and integ",closed,false,,
openalex:W1555909818,,Applying Persuasion Principles Did Not Increase Questionnaire Response: A Randomised Controlled Trial of a Fridge Magnet,no_doi,false,,
openalex:W2007576031,10.1016/s1057-7408(07)70013-x,"Construal Levels and Psychological Distance: Effects on Representation, Prediction, Evaluation, and Behavior",closed,false,,
openalex:W1971601808,10.1016/s1057-7408(07)70017-7,Construal Level Theory and Consumer Behavior,closed,false,,
openalex:W2009335903,10.1080/03637750701543469,The Moderators and Mediators of Door-in-the-Face Requests: Is it a Negotiation or a Helping Experience?,closed,false,,
openalex:W1980886475,10.1002/mar.20156,Health‐care product advertising: The influences of message framing and perceived product characteristics,closed,false,,
openalex:W2120831831,10.1111/j.1467-9280.2007.01916.x,Putting Feelings Into Words,closed,false,,
openalex:W2005101888,10.1177/107769900708400307,The Relative Persuasive Effect of Gain- versus Loss-Framed Messages: Exploring the Moderating Role of the Desirability o,closed,false,,
openalex:W1970045542,10.1016/j.jesp.2007.07.013,A field experiment testing the utility of regulatory fit messages for promoting physical activity,green,true,https://www.ncbi.nlm.nih.gov/pmc/articles/2699291,
openalex:W2067853126,10.1007/s11747-006-0008-y,The effects of perceived scarcity on consumers’ processing of price information,closed,false,,
openalex:W1999885314,10.1080/08824090701624148,“Even a Penny Will Help!”: Legitimization of Paltry Donation and Social Proof in Soliciting Donation to a Charitable Org,closed,false,,
doi:10.1177/0093650205285367,10.1177/0093650205285367,Interpersonal Communication and Compliance,green,true,https://research.vu.nl/en/publications/08373eaa-bb15-4b5f-95fb-f62bc599899b,other-oa
openalex:W2052618511,10.1111/j.1467-9280.2006.01704.x,The Anchoring-and-Adjustment Heuristic,closed,false,,
openalex:W2158802186,10.1111/j.0021-9029.2006.00034.x,Recruiting Teen Smokers in Shopping Malls to a Smoking‐Cessation Program Using the Foot‐in‐the‐Door Technique,closed,false,,
openalex:W2113928500,10.2224/sbp.2006.34.5.461,“YOU'RE HELPFUL” VERSUS “THAT'S CLEAR”. SOCIAL VERSUS FUNCTIONAL LABEL IN THE FOOT-IN-THE-DOOR PARADIGM,gold,true,https://doi.org/10.2224/sbp.2006.34.5.461,
openalex:W2069130763,10.1509/jmkr.43.1.15,Understanding Regulatory Fit,closed,false,,
openalex:W2121187545,10.1509/jmkr.43.1.1,How Regulatory Fit Affects Value in Consumer Choices and Opinions,green,true,https://papers.ssrn.com/sol3/Delivery.cfm/SSRN_ID2130671_code766166.pdf?abstractid=2130671&mirid=1,
openalex:W1978833179,10.1002/mar.20127,How advertising claims affect brand preferences and category–brand associations: The role of regulatory fit,closed,false,,
openalex:W1984864983,10.1509/jmkr.43.1.24,Response to Comments on “How Regulatory Fit Affects Value in Consumer Choices and Opinions”,closed,false,,
openalex:W2093392376,10.1509/jmkr.43.1.28,The Role of Regulatory Focus in Preference Construction,closed,false,,
openalex:W2104775477,10.1509/jmkr.43.1.11,The Nature of Fit and the Origins of “Feeling Right”: A Goal-Systemic Perspective,closed,false,,
openalex:W2036579821,10.1080/0144619052000345600,Using Commitments to Drive Consistency: Enhancing the Effectiveness of Cause‐related Marketing Communications,closed,false,,
openalex:W2170232927,10.1207/s15327663jcp1503_3,The Unconscious Consumer: Effects of Environment on Consumer Behavior,bronze,true,https://onlinelibrary.wiley.com/doi/pdfdirect/10.1207/s15327663jcp1503_3,
openalex:W2011749266,10.1177/0146167205282152,Playing Dice With Criminal Sentences: The Influence of Irrelevant Anchors on Experts’ Judicial Decision Making,closed,false,,
openalex:W2107576603,10.1002/bdm.495,When effortful thinking influences judgmental anchoring: differential effects of forewarning and incentives on self-gene,closed,false,,
openalex:W2036747317,10.1509/jmkg.2006.70.1.79,Understanding Consumer Responses to Product Risk Information,closed,false,,
openalex:W2107976930,10.1111/j.0956-7976.2005.00811.x,Emotional and Deliberative Reactions to a Public Crisis,closed,false,,
openalex:W2087981664,10.1024/1421-0185.64.3.153,How Children Reason about Gains and Losses: Framing Effects in Judgement and Choice,closed,false,,
openalex:W2013785133,10.1111/j.1559-1816.2005.tb02144.x,Improving Attitudes Toward Prostate Examinations by Loss-Framed Appeals,closed,false,,
openalex:W2127956021,10.1111/j.0963-7214.2005.00366.x,Value From Regulatory Fit,closed,false,,
doi:10.1002/9780470752937.ch19,10.1002/9780470752937.ch19,"Framing, Loss Aversion, and Mental Accounting",closed,false,,
openalex:W2142827883,10.1111/j.1468-2958.2004.tb00726.x,The Interplay of News Frames on Cognitive Complexity,closed,false,,
openalex:W2006379789,10.1016/j.obhdp.2004.03.001,Trust and reciprocity decisions: The differing perspectives of trustors and trusted parties,closed,false,,
openalex:W2021998397,10.1037/0022-3514.86.3.388,"Regulatory Fit and Persuasion: Transfer From ""Feeling Right.""",closed,false,,
openalex:W2138092742,10.1002/ejsp.180,How regulatory fit enhances motivational strength during goal pursuit,closed,false,,
openalex:W2091457087,10.1177/0146167204264334,Imagining How You’d Feel: The Role of Motivational Experiences from Regulatory Fit,closed,false,,
openalex:W2090555226,10.1002/mar.20027,"Cross‐national differences in proneness to scarcity effects: The moderating roles of familiarity, uncertainty avoidance,",closed,false,,
openalex:W1975402553,10.1089/109493103321640383,Fund-Raising on the Web: The Effect of an Electronic Door-in-the-Face Technique on Compliance to a Request,closed,false,,
openalex:W181163862,,"Persuasion, pitch and presentation: The effects of information style on individual decision making",no_doi,false,,
openalex:W2028097608,10.1207/s15324834basp2503_06,The Effects of Monetary Incentives and Labeling on the Foot-in-the-Door Effect: Evidence for a Self-Perception Process,closed,false,,
openalex:W2030282924,10.1207/s15324834basp2501_6,Self-Concept Clarity and the Foot-in-the-Door Procedure,closed,false,,
openalex:W2143093416,10.1111/j.1559-1816.2003.tb01891.x,Effects of Goal Framing in Job Advertisements on Organizational Attractiveness<sup>1</sup>,closed,false,,
openalex:W1965550409,10.1080/08824090309388805,The effects of message framing and message processing on testicular self‐examination attitudes and perceived susceptibil,closed,false,,
openalex:W1966600990,10.1177/026010600301700102,The (Ir)Relevance of Framing Nutrition Education Messages,closed,false,,
openalex:W2168890172,10.1111/j.1559-1816.2003.tb01931.x,Raising the Price of Agreement: Public Commitment and the Lowball Compliance Procedure<sup>1</sup>,closed,false,,
openalex:W2067645888,10.1016/s0022-1031(03)00015-5,Attributions of trust and the calculus of reciprocity,closed,false,,
openalex:W2072657247,10.1080/00224540209603901,The Effectiveness of the Door-in-the-Face Compliance Strategy on Friends and Strangers,closed,false,,
openalex:W2111389106,10.1177/009365002237831,Effects of a Guilt Induction and Guilt Reduction on Door in the Face,closed,false,,
openalex:W2031046107,10.1080/00224540209603893,Sequential Requests and Organ Donation,closed,false,,
openalex:W4230091725,10.2466/pr0.91.5.81-84,LOW-BALL AND COMPLIANCE TO A REQUEST: AN APPLICATION IN A FIELD SETTING,closed,false,,
pmid:12353787,10.2466/pr0.2002.91.1.241,Empathy and generalized reciprocity in compliance with requests for help.,closed,false,,
openalex:W2015954064,10.1080/13548500125027,Promoting health behaviours with door-in-the-face: The influence of the beneficiary of the request,closed,false,,
openalex:W2146161689,10.1111/1467-9280.00372,Putting Adjustment Back in the Anchoring and Adjustment Heuristic: Differential Processing of Self-Generated and Experim,closed,false,,
openalex:W2149774959,10.1006/jesp.2000.1431,Implications of Attitude Change Theories for Numerical Anchoring: Anchor Plausibility and the Limits of Anchor Effective,closed,false,,
openalex:W1987130461,10.1177/0146167201277008,When Saying Yes Leads to Saying No: Preference for Consistency and the Reverse Foot-in-the-Door Effect,closed,false,,
openalex:W2029086125,10.1046/j.1537-2995.2001.41111335.x,Confidence in the safety of blood for transfusion: the effect of message framing,bronze,true,https://onlinelibrary.wiley.com/doi/pdfdirect/10.1046/j.1537-2995.2001.41111335.x,
openalex:W2061016713,10.1108/eb022851,"LINKING FRAMES IN NEGOTIATIONS: GAINS, LOSSES AND CONFLICT FRAME ADOPTION",closed,false,,
openalex:W2069217542,10.1006/obhd.2000.2932,Gain-Loss Framing and Choice: Separating Outcome Formulations from Descriptor Formulations,closed,false,,
openalex:W2128110814,10.1037//0278-6133.20.4.256,The effects of message framing and ethnic targeting on mammography use among low-income women.,closed,false,,
openalex:W2024462228,10.1177/0261927x00019001001,The Psychological Reality of the Door-in-the-Face,closed,false,,
openalex:W1992970544,10.1177/01461672002611010,Overcoming the Inevitable Anchoring Effect: Considering the Opposite Compensates for Selective Accessibility,closed,false,,
openalex:W2077742954,10.1080/03637759909376482,Guilt and expected guilt in the door‐in‐the‐face technique,closed,false,,
openalex:W2000555506,10.1006/obhd.1999.2841,"Anchoring, Activation, and the Construction of Values",closed,false,,
openalex:W2130953635,10.1006/jesp.1998.1364,Hypothesis-Consistent Testing and Semantic Priming in the Anchoring Paradigm: A Selective Accessibility Model,closed,false,,
openalex:W2121005284,10.1111/j.1559-1816.1999.tb01382.x,When Manipulation Backfires: The Effects of Time Delay and Requester on the Foot‐in‐the‐Door Technique,closed,false,,
openalex:W2090440953,10.1037//0278-6133.18.2.189,Message framing and sunscreen use: Gain-framed messages motivate beach-goers.,closed,false,,
openalex:W1994644958,10.1207/s15324834basp2103_7,The Effects of Initial Request Size on Compliance: More About the That's-Not-All Technique,closed,false,,
openalex:W2133982877,10.1177/01461672982411002,Mindfulness Limits Compliance with the That's-Not-AU Technique,closed,false,,
openalex:W2044107642,10.1111/j.1468-2958.1997.tb00587.x,A Guilt-Based Explanation of the Door-in-the-Face Influence Strategy,closed,false,,
openalex:W2086344847,10.1080/00224549709595416,The Use of Metacommunication in Compliance: Door-in-the-Face and Single-Request Strategies,closed,false,,
openalex:W2168575967,10.1037/0022-3514.73.3.437,Explaining the enigmatic anchoring effect: Mechanisms of selective accessibility.,closed,false,,
openalex:W2047038396,10.1006/obhd.1997.2734,Positive Affect Facilitates Integration of Information and Decreases Anchoring in Reasoning among Physicians,closed,false,,
openalex:W2789096713,10.31390/gradschool_disstheses.6250,Contextual Influences on Consumer Perceptions of Tensile Price Claims in Retail Advertisements.,gold,true,https://repository.lsu.edu/cgi/viewcontent.cgi?article=7249&context=gradschool_disstheses,
openalex:W2053061618,10.1037//0096-3445.125.4.387,A new look at anchoring effects: Basic anchoring and its antecedents.,closed,false,,
openalex:W4242847335,10.1037/0096-3445.125.4.387,A new look at anchoring effects: Basic anchoring and its antecedents.,closed,false,,
openalex:W2013452956,10.1002/(sici)1099-0992(199603)26:2<315::aid-ejsp759>3.0.co;2-z,Gain–loss-frame in outcome-interdependence: does it influence equality or equity considerations?,closed,false,,
openalex:W1487735176,10.1177/0148558x9601100102,The Effects of Lowballing on Audit Quality: An Experimental Markets Study,closed,false,,
openalex:W2147091291,10.1177/01461672952111004,Measures of Anchoring in Estimation Tasks,closed,false,,
openalex:W1997073947,10.1207/s15327027hc0701_4,Foot-in-the-Door and Cancer Prevention,closed,false,,
openalex:W2014240432,10.1037/0022-3514.69.1.91,Does self-perception change explain the foot-in-the-door effect?,closed,false,,
openalex:W2169455100,10.1037/0022-3514.69.2.318,Preference for consistency: The development of a valid measure and the discovery of surprising behavioral implications.,closed,false,,
openalex:W2142382692,10.1080/14792779443000021,Outcome Frames in Bilateral Negotiation: Resistance to Concession Making and Frame Adoption,green,true,https://pure.uva.nl/ws/files/2281459/25805_outcomeframes.pdf,
openalex:W2135866707,10.1177/009365094021002001,Encouraging Charitable Contributions,closed,false,,
openalex:W2028280385,10.1002/bdm.3960070402,The limits of anchoring,closed,false,,
openalex:W2046247492,10.1080/00224545.1994.9710878,Effects of Public Image Concerns and Self-image on Compliance,closed,false,,
openalex:W2037572433,10.1080/10570319409374490,Encouraging donations to charity: A field study of competing and complementary factors in tactic sequencing,closed,false,,
openalex:W2146214021,10.1002/ejsp.2420240407,Effects of gain—loss frames on satisfaction with self–other outcome‐differences,green,true,https://pure.uva.nl/ws/files/1792117/25804_effects_satisfaction.pdf,other-oa
openalex:W2039244147,10.1111/j.1911-3846.1994.tb00440.x,A Multiperiod Model and Experimental Evidence of Independence and “Lowballing”*,closed,false,,
openalex:W2046126496,10.1016/0167-4870(94)90007-8,Scarcity and preference: An experiment on unavailability and product evaluation,green,true,https://research.tilburguniversity.edu/en/publications/1d27a578-6037-4733-91fb-5daf5dac07c3,
openalex:W2003982828,10.1080/08824099309359921,Getting a foot in the door with drinking and driving: A field study of healthy influence,closed,false,,
openalex:W2082531419,10.1016/0749-5978(92)90015-y,"Reference points, anchors, norms, and mixed feelings",closed,false,,
openalex:W2076875458,10.1207/s15324834basp1301_3,Product Scarcity by Need for Uniqueness Interaction: A Consumer Catch-22 Carousel?,closed,false,,
openalex:W2040214105,10.1207/s15327027hc0301_4,Inducing Health Care Voluntarism Through Sequential Requests: Perceptions of Effort and Novelty,closed,false,,
openalex:W2166102666,10.1177/0146167291173007,Meta-Analytic Contributions to the Literature on Prosocial Behavior,closed,false,,
openalex:W2154057324,10.1111/j.1468-2958.1990.tb00218.x,Self-Inference and the Foot-in-the-Door Technique Quantity of Behavior and Attitudinal Mediation,closed,false,,
openalex:W2005528241,10.1111/j.1559-1816.1990.tb00426.x,"Effects of Contract Framing, Motivation to Quit, and Self‐Efficacy on Smoking Reduction<sup>1</sup>",closed,false,,
openalex:W1984059246,10.1207/s15324834basp1002_5,Impact of Source Strength on Two Compliance Techniques,closed,false,,
openalex:W2152177319,10.1177/0022022189201001,A Cross-Cultural Investigation of the Foot-in-the-Door Compliance Induction Procedure,closed,false,,
openalex:W2107885904,10.1177/016502548901200305,Consistency-based Compliance in Children: When and Why Do Consistency Procedures Have Immediate Effects?,closed,false,,
openalex:W1967580959,10.1080/00224545.1988.9713772,Effects of Compliance Techniques on Spontaneous and Asked-For Helping,closed,false,,
openalex:W2149758379,10.1080/00224545.1988.9711367,Compliance as a Function of Elapsed Time Between First and Second Requests,closed,false,,
openalex:W1981946861,10.2466/pr0.1988.62.1.31,A New Application of the Foot-in-the-Door Technique: Friend or Stranger?,closed,false,,
openalex:W2170412549,10.1093/her/3.2.161,Compliance to health recommendations: a theoretical overview of message framing,closed,false,,
openalex:W2010527565,10.1016/0749-5978(87)90046-x,"Experts, amateurs, and real estate: An anchoring-and-adjustment perspective on property pricing decisions",closed,false,,
openalex:W2021942259,10.1037/0022-3514.52.6.1174,Consistency-based compliance: When and why do children become vulnerable?,closed,false,,
openalex:W2036928781,10.1080/00223980.1987.9915505,"Mediating Effects of Material Payment, Social Reinforcement, and Familiarity on Foot-in-the-Door Phenomena in Thailand",closed,false,,
pmid:3598861,10.1037//0022-3514.52.6.1174,Consistency-based compliance: when and why do children become vulnerable?,closed,false,,
openalex:W2021235660,10.1086/209045,An Anchoring and Adjustment Model of Spousal Predictions,closed,false,,
openalex:W2037536883,10.1002/mar.4220030204,The influence of ‘low‐balling’ on buyers' compliance: Revisited,closed,false,,
openalex:W1991791452,10.1080/00224545.1985.9922866,"Interpersonal Touch, Social Labeling, and the Foot-in-the-Door Effect",closed,false,,
openalex:W2154428853,10.1046/j.1537-2995.1984.24585017828.x,A comparison of two behavioral influence techniques for improving blood donor recruitment,closed,false,,
openalex:W1975544269,10.1080/00224545.1984.9924508,Norms of Social Conduct and the Foot-In-The-Door,closed,false,,
openalex:W2052236845,10.1080/00224545.1983.9924438,Increasing Altruistic Behavior by Using Compliance Techniques,closed,false,,
openalex:W2022965677,10.1016/0022-1031(83)90022-7,"The freezing and unfreezing of lay-inferences: Effects on impressional primacy, ethnic stereotyping, and numerical ancho",closed,false,,
openalex:W1973945715,10.1177/0146167283092002,Fifteen Years of Foot-in-the Door Research,closed,false,,
openalex:W1970808905,10.1177/0146167283093015,The Foot-in-the-Door Paradigm,closed,false,,
openalex:W4243183343,10.1177/002224378302000105,A Quantitative Review of Research Design Effects on Response Rates to Questionnaires,closed,false,,
openalex:W2005981178,10.1080/00224545.1982.9713402,Social Labeling and the Foot-in-the-Door Effect,closed,false,,
openalex:W2021377173,10.1521/soco.1982.1.2.110,"Social Reinforcement, Self-Attribution, and the Foot-in-the-Door Phenomenon",closed,false,,
openalex:W2113565818,10.3758/bf03334809,The effects of contrast upon compliance with socially undesirable requests in the foot-in-the-door paradigm,bronze,true,https://link.springer.com/content/pdf/10.3758%2FBF03334809.pdf,
openalex:W2030160651,10.1080/00224545.1982.9922806,Anxiety and the Foot-in-the Door Technique,closed,false,,
openalex:W2167301025,10.1080/00224545.1981.9922752,Inducing Compliance by a Two-Door-in-the-Face Procedure and a Self-Determination Request,closed,false,,
openalex:W2045168429,10.1080/00224545.1981.9922728,Compliance as Affected by Task Difficulty and Order of Tasks,closed,false,,
openalex:W2329755545,10.1177/002224378101800410,"Effects of Foot-in-the-Door, Cash Incentives, and Followups on Survey Response",closed,false,,
openalex:W4254749794,10.2307/3151342,"Effects of Foot-in-the-Door, Cash Incentives, and Followups on Survey Response",closed,false,,
openalex:W2048510905,10.1177/014616728173010,Consensus Information and the Foot-in-the-Door-Effect,closed,false,,
openalex:W2090102418,10.1177/014616728174028,Another Look at the Milgram Obedience Studies,closed,false,,
openalex:W1981079246,10.1080/00224545.1981.9922755,Compliance Employing a Two-Feet-in-the-Door Procedure,closed,false,,
openalex:W2079353282,10.1177/014616728173011,Changes in Helping Behavior,closed,false,,
openalex:W4251437465,10.1037//0022-3514.40.3.492,The low-ball compliance technique: Task or person commitment?,closed,false,,
openalex:W2326189454,10.1177/002224378001700210,On Implementing the Door-in-the-Face Compliance Technique in a Business Context,closed,false,,
openalex:W4243654256,10.2307/3150936,On Implementing the Door-in-the-Face Compliance Technique in a Business Context,closed,false,,
openalex:W2093499358,10.3758/bf03334470,The effects of delay upon compliance with socially undesirable requests in the door-in-the-face paradigm,bronze,true,https://link.springer.com/content/pdf/10.3758/BF03334470.pdf,
openalex:W2031987323,10.1177/014616728063006,Faculty Helpfulness to Students,closed,false,,
openalex:W2328766001,10.1177/002224378001700309,Testing the Effectiveness of Alternative Foot-in-the-Door Manipulations,closed,false,,
openalex:W4253107311,10.2307/3150534,Testing the Effectiveness of Alternative Foot-in-the-Door Manipulations,closed,false,,
openalex:W2049890618,10.1177/014616728063018,The Experimenter's Foot-in-the-Door,closed,false,,
openalex:W2319215358,10.1177/002224378001700408,More on Self-Perception Theory's Foot Technique in the Pre-Call/Mail Survey Setting,closed,false,,
openalex:W2133367185,10.1177/014616727900500117,Self-Presentation and the Door-in-the-Face Technique for Inducing Compliance,closed,false,,
openalex:W1975529009,10.1111/j.1559-1816.1979.tb00817.x,The Applicability of the Door‐in‐the Face Technique when Established Behavioral Customs Exist,closed,false,,
openalex:W2025925010,10.1037/0022-3514.37.12.2221,An examination of self-perception mediation of the foot-in-the-door effect.,closed,false,,
openalex:W4252403866,10.1037/0022-3514.37.4.580,Blood donation and the foot-in-the-door technique: A limiting case.,closed,false,,
openalex:W2162430655,10.1111/j.1559-1816.1979.tb02712.x,Undermining Effects of the Foot‐in‐the‐Door Technique with Extrinsic Rewards,closed,false,,
openalex:W4242656173,10.1037//0022-3514.37.12.2221,An examination of self-perception mediation of the foot-in-the-door effect.,closed,false,,
openalex:W2084036335,10.1080/00223980.1979.9915074,Influence of Low-Balling on Buyers' Compliance,closed,false,,
openalex:W2047104568,10.1002/ejsp.2420080113,The door in the face technique: Effects of the size of the initial request,closed,false,,
openalex:W2064191623,10.2466/pr0.1978.43.3.887,"Compliance as a Function of Prior Compliance, Familiarization, Effort and Benefits: The Foot-in-the-Door Technique Exten",closed,false,,
openalex:W4233130823,10.1037//0022-3514.36.5.463,Low-ball procedure for producing compliance: Commitment then cost.,closed,false,,
openalex:W2006084104,10.1086/208691,Modifying Socially-Conscious Behavior: The Foot-in-the-Door Technique,closed,false,,
openalex:W2332312631,10.1177/002224377701400312,"Compliance with an Interview Request: A Foot-in-the-Door, Self-Perception Interpretation",closed,false,,
openalex:W4247589344,10.2307/3150775,"Compliance with an Interview Request: A Foot-in-the-Door, Self-Perception Interpretation",closed,false,,
openalex:W2026428325,10.1177/014616727700300421,Effect of Payment for Initial Compliance: Unanswered Questions about the Foot-in-the-Door Phenomenon,closed,false,,
openalex:W2039073116,10.1037/0022-3514.33.5.517,Relationship between compliance in the foot-in-the-door paradigm and size of first request.,closed,false,,
openalex:W2083210423,10.1037//0022-3514.32.2.222,"Effects of fear appeals and physiological arousal upon emotion, attitudes, and cigarette smoking.",closed,false,,
openalex:W2024052129,10.1016/s0022-1031(75)80025-4,Disclosing oneself to a stranger: Reciprocity and its limits,closed,false,,
openalex:W2063446964,10.1016/0022-1031(74)90053-5,Compliance without pressure: Some further data on the foot-in-the-door technique,closed,false,,
openalex:W2045171895,10.2466/pr0.1974.34.1.35,Does a “Foot-in-the-Door” Get You in or out?,closed,false,,
doi:10.2139/ssrn.6152327,10.2139/ssrn.6152327,A Foot in the Door: Seller Preferences for Surcharges,green,true,https://doi.org/10.2139/ssrn.6152327,
doi:10.2196/preprints.47679,10.2196/preprints.47679,Effects of Gain-and-Loss framing Human Papillomavirus Vaccine Messages and Issue Involvement on Behavioral and Electroph,gold,true,https://doi.org/10.2196/preprints.47679,cc-by
doi:10.5204/thesis.eprints.230505,10.5204/thesis.eprints.230505,How regulatory focus-mode fit impacts variety-seeking,green,true,https://eprints.qut.edu.au/230505/1/Thi%20Minh%20Thuy_Pham_Thesis.pdf,cc-by-nc-nd
doi:10.2139/ssrn.6314098,10.2139/ssrn.6314098,When Should We Offer a Discount? Randomized Discount Timing with Strategic Customers,green,true,https://doi.org/10.2139/ssrn.6314098,
